INSERT INTO users (id, name, email) VALUES ('7735','Abhishek Ananda IC pr', 'aanand5892@gmail.com');
INSERT INTO users (id, name, email) VALUES ('7736','Abhishek jha', 'abhishekjharoushan@gmail.com');
INSERT INTO users (id, name, email) VALUES ('7737','Abhishek Kr EE pr', 'abk8537@gmail.com');
INSERT INTO users (id, name, email) VALUES ('7738','Abhishek Pandey pr', 'abhishek80.a2s@gmail.com');
INSERT INTO users (id, name, email) VALUES ('7739','Abhishek pr Nawada', 'ak7268901@gmail.com');
INSERT INTO users (id, name, email) VALUES ('7740','Abhoy pr', 'abhoysaha1@gmail.com');
INSERT INTO users (id, name, email) VALUES ('7741','Ajay pr', 'call.ajay21@gmail.com');
INSERT INTO users (id, name, email) VALUES ('7742','Ajay pr(Mech)', 'ajay41707@gmail.com');
INSERT INTO users (id, name, email) VALUES ('7743','Ajeet pr', 'ajeetajeethemant@gmail.com');
INSERT INTO users (id, name, email) VALUES ('7744','Akash pr (Akarsak Srihari Pr)', 'akashkr930487@gmail.com');
INSERT INTO users (id, name, email) VALUES ('7745','Aman Jha', 'ajha9608@gmail.com');
INSERT INTO users (id, name, email) VALUES ('7746','Amit Raj pr', 'amitraj581@gmail.com');
INSERT INTO users (id, name, email) VALUES ('7747','Animesh pr', 'animeshmonty@gmail.com');
INSERT INTO users (id, name, email) VALUES ('7748','Ankush pr', 'kumarankush6200@gmail.com');
INSERT INTO users (id, name, email) VALUES ('7749','Anshu pr', 'anshuk1510@gmail.com');
INSERT INTO users (id, name, email) VALUES ('7750','Ashish pr', 'akg9023@gmail.com');
INSERT INTO users (id, name, email) VALUES ('7751','Atul pr', 'atulkumar15jan@gmail.com');
INSERT INTO users (id, name, email) VALUES ('7752','Atul Singh', 'atulsingh.asn@gmail.com');
INSERT INTO users (id, name, email) VALUES ('7753','Avinash pr', 'abinashshaw16@gmail.com');
INSERT INTO users (id, name, email) VALUES ('7754','Avishek Raj (Raja pr)', 'ars.raja23@gmail.com');
INSERT INTO users (id, name, email) VALUES ('7755','Balmukand pr', 'mishrabm96@gmail.com');
INSERT INTO users (id, name, email) VALUES ('7756','Bhanu pr', 'bhanupratapsingh1380@gmail.com');
INSERT INTO users (id, name, email) VALUES ('7757','Bhaskar Anand pr', 'bhskranand561@gmail.com');
INSERT INTO users (id, name, email) VALUES ('7758','BiswajIt pr', 'biswajitrowani@gmail.com');
INSERT INTO users (id, name, email) VALUES ('7759','Brahmanand pr', 'brahmanandamahato@gmail.com');
INSERT INTO users (id, name, email) VALUES ('7760','Chandan Pr', 'chandan.hitinstru@gmail.com');
INSERT INTO users (id, name, email) VALUES ('7761','Devashish pr', 'devashish0046@gmail.com');
INSERT INTO users (id, name, email) VALUES ('7762','Gaurav Jaiswal', 'jaiswalgaurav7183@gmail.com');
INSERT INTO users (id, name, email) VALUES ('7763','Gaurav pr', 'gauravsingh181997@gmail.com');
INSERT INTO users (id, name, email) VALUES ('7764','Gopal Chandra pr', 'gyan0prakash0@gmail.com');
INSERT INTO users (id, name, email) VALUES ('7765','Himanshu Choubey Pr', 'himanshuchoubey823@gmail.com');
INSERT INTO users (id, name, email) VALUES ('7766','Himanshu Srivastava', 'himanshusr2000@gmail.com');
INSERT INTO users (id, name, email) VALUES ('7767','Janardhan pr', 'jpclsr@gmail.com');
INSERT INTO users (id, name, email) VALUES ('7768','Kartik pr', 'KARTIK.KARTIK11@GMAIL.COM');
INSERT INTO users (id, name, email) VALUES ('7769','Kishlay', 'kishlay111999@gmail.com');
INSERT INTO users (id, name, email) VALUES ('7770','Mohit pr', 'mohit05121997@gmail.com');
INSERT INTO users (id, name, email) VALUES ('7771','Mukund Dayal Pr (Mithun Naskar)', 'naskarmithun@gmail.com');
INSERT INTO users (id, name, email) VALUES ('7772','Nandakishore pr', 'nandkishore.cse.hit@gmail.com');
INSERT INTO users (id, name, email) VALUES ('7773','Neelmani pr', 'mani4neel98@gmail.com');
INSERT INTO users (id, name, email) VALUES ('7774','Nikhil pr', 'nikhilsaphal2000@gmail.com');
INSERT INTO users (id, name, email) VALUES ('7775','Nikhilesh Roy pr', 'nkr159357258@gmail.com');
INSERT INTO users (id, name, email) VALUES ('7776','Nilmadhava Pr', 'neelabhanand99@gmail.com');
INSERT INTO users (id, name, email) VALUES ('7777','Niraj Sah pr', 'topniraj@gmail.com');
INSERT INTO users (id, name, email) VALUES ('7778','Nishant Shekhar Pr', 'mailnishantshekhar@gmail.com');
INSERT INTO users (id, name, email) VALUES ('7779','Pankaj Dubey pr', 'pkdubey1998@gmail.com');
INSERT INTO users (id, name, email) VALUES ('7780','Pawan pandey pr', 'kintupandey93@gmail.com');
INSERT INTO users (id, name, email) VALUES ('7781','Prabhakar pr', 'Prabhakar.jha25021996@gmail.com');
INSERT INTO users (id, name, email) VALUES ('7782','Pramit pr', 'pramit.hit@gmail.com');
INSERT INTO users (id, name, email) VALUES ('7783','Praween', 'praween868@gmail.com');
INSERT INTO users (id, name, email) VALUES ('7784','Purushottam pr', 'puru.anand20@gmail.com');
INSERT INTO users (id, name, email) VALUES ('7785','Rajbardhan', 'raghurajbardhan123@gmail.com');
INSERT INTO users (id, name, email) VALUES ('7786','Rajiv soni', 'radharajivsoni@gmail.com');
INSERT INTO users (id, name, email) VALUES ('7787','Rakesh pr', 'rk51633@gmail.com');
INSERT INTO users (id, name, email) VALUES ('7788','Ranjit pr', 'krisranjit100@gmail.com');
INSERT INTO users (id, name, email) VALUES ('7789','Ravishankar kr pr', 'ravishankar.purnia@gmail.com');
INSERT INTO users (id, name, email) VALUES ('7790','Ravishankar prasad pr', 'ravish.prasad4300@gmail.com');
INSERT INTO users (id, name, email) VALUES ('7791','Rohit', 'rohit10081998@gmail.com');
INSERT INTO users (id, name, email) VALUES ('7792','Rupesh pr', 'kmrrupesh5@gmail.com');
INSERT INTO users (id, name, email) VALUES ('7793','Sagar pr', 'sagar.sgr09@gmail.com');
INSERT INTO users (id, name, email) VALUES ('7794','Satyabrat Mishra pr (Shibu)', 'sibumishra546@gmail.com');
INSERT INTO users (id, name, email) VALUES ('7795','Satyam Mishra pr', 'satyamkumar9245@gmail.com');
INSERT INTO users (id, name, email) VALUES ('7796','Satyam pr', 'satyamsingh.ss27@gmail.com');
INSERT INTO users (id, name, email) VALUES ('7797','Saurabh kr pr(Chem)', 'saurabhkumarojha123@gmail.com');
INSERT INTO users (id, name, email) VALUES ('7798','Saurav pr', 'saurav109677@gmail.com');
INSERT INTO users (id, name, email) VALUES ('7799','Sekhar suman pr', 'shkrsuman77@gmail.com');
INSERT INTO users (id, name, email) VALUES ('7800','Shailendra Singh pr', 'singh.shailendra949597@gmail.com');
INSERT INTO users (id, name, email) VALUES ('7801','Shailesh pr', 'shaileshchunnu008@gmail.com');
INSERT INTO users (id, name, email) VALUES ('7802','Shashank pr', 'shankykr1999@gmail.com');
INSERT INTO users (id, name, email) VALUES ('7803','Shubham Choudhary pr', 'sk969309@gmail.com');
INSERT INTO users (id, name, email) VALUES ('7804','Shyam pr', 'samlyt1915149@gmail.com');
INSERT INTO users (id, name, email) VALUES ('7805','Sivatma Gopinath Pr', 'shiv.ti@gmail.com');
INSERT INTO users (id, name, email) VALUES ('7806','Sonu pr', 'skdas931891@gmail.com');
INSERT INTO users (id, name, email) VALUES ('7807','Srikant pr', 'shreekantsingh511998@gmail.com');
INSERT INTO users (id, name, email) VALUES ('7808','Subha Krsna pr', 'shubhamkumarhit19@gmail.com');
INSERT INTO users (id, name, email) VALUES ('7809','Subham Chandra pr', 'subhamchandra597@gmail.com');
INSERT INTO users (id, name, email) VALUES ('7810','Subham Gupta', 'guptasubham175@gmail.com');
INSERT INTO users (id, name, email) VALUES ('7811','Sukumar pr', 'sukumar712702@gmail.com');
INSERT INTO users (id, name, email) VALUES ('7812','Suman vatsa', 'sumanvasta0@gmail.com');
INSERT INTO users (id, name, email) VALUES ('7813','Suraj pr Gaya', 'suraj.don10april@gmail.com');
INSERT INTO users (id, name, email) VALUES ('7814','Trideep pr', 'bunty.biswas547@gmail.com');
INSERT INTO users (id, name, email) VALUES ('7815','Varun pr', 'varun.idea21@gmail.com');
INSERT INTO users (id, name, email) VALUES ('7816','Veda Prakash pr', 'ved.divg@gmail.com');
INSERT INTO users (id, name, email) VALUES ('7817','Vikash pr', 'vikashkumar982141@gmail.com');
INSERT INTO users (id, name, email) VALUES ('7818','Vinay kr singh pr', 'vinay7121989@gmail.com');
INSERT INTO users (id, name, email) VALUES ('7819','Vinit pr', 'vinitkj15@gmail.com');
INSERT INTO users (id, name, email) VALUES ('7820','Vishal Singh Pr', 'vishal9sept@gmail.com');
INSERT INTO users (id, name, email) VALUES ('7821','Vivek pr Gaya', 'rsvjvivek@gmail.com');INSERT INTO meetings (id, date, meeting_name) VALUES ('30715','2023-07-15', 'Japa');INSERT INTO attendance (user, meeting, duration, status, inoutTime) VALUES (7735, 30715, null, 'ABSENT', 'null');
INSERT INTO attendance (user, meeting, duration, status, inoutTime) VALUES (7736, 30715, 64, 'PRESENT', ' 06:23:05 AM -  07:26:54 AM');
INSERT INTO attendance (user, meeting, duration, status, inoutTime) VALUES (7737, 30715, 11, 'PRESENT', ' 06:54:26 AM -  07:05:14 AM');
INSERT INTO attendance (user, meeting, duration, status, inoutTime) VALUES (7738, 30715, null, 'ABSENT', 'null');
INSERT INTO attendance (user, meeting, duration, status, inoutTime) VALUES (7739, 30715, null, 'ABSENT', 'null');
INSERT INTO attendance (user, meeting, duration, status, inoutTime) VALUES (7740, 30715, 286, 'PRESENT', ' 05:25:52 AM -  10:11:19 AM');
INSERT INTO attendance (user, meeting, duration, status, inoutTime) VALUES (7741, 30715, null, 'ABSENT', 'null');
INSERT INTO attendance (user, meeting, duration, status, inoutTime) VALUES (7742, 30715, null, 'ABSENT', 'null');
INSERT INTO attendance (user, meeting, duration, status, inoutTime) VALUES (7743, 30715, null, 'ABSENT', 'null');
INSERT INTO attendance (user, meeting, duration, status, inoutTime) VALUES (7744, 30715, null, 'ABSENT', 'null');
INSERT INTO attendance (user, meeting, duration, status, inoutTime) VALUES (7745, 30715, 69, 'PRESENT', ' 05:54:30 AM -  07:03:29 AM');
INSERT INTO attendance (user, meeting, duration, status, inoutTime) VALUES (7746, 30715, null, 'ABSENT', 'null');
INSERT INTO attendance (user, meeting, duration, status, inoutTime) VALUES (7747, 30715, null, 'ABSENT', 'null');
INSERT INTO attendance (user, meeting, duration, status, inoutTime) VALUES (7748, 30715, 114, 'PRESENT', ' 06:12:34 AM -  08:05:43 AM');
INSERT INTO attendance (user, meeting, duration, status, inoutTime) VALUES (7749, 30715, 41, 'PRESENT', ' 04:43:30 AM -  05:24:15 AM');
INSERT INTO attendance (user, meeting, duration, status, inoutTime) VALUES (7750, 30715, null, 'ABSENT', 'null');
INSERT INTO attendance (user, meeting, duration, status, inoutTime) VALUES (7751, 30715, 83, 'PRESENT', ' 06:45:56 AM -  08:08:20 AM');
INSERT INTO attendance (user, meeting, duration, status, inoutTime) VALUES (7752, 30715, null, 'ABSENT', 'null');
INSERT INTO attendance (user, meeting, duration, status, inoutTime) VALUES (7753, 30715, 69, 'PRESENT', ' 05:04:33 AM -  08:05:50 AM');
INSERT INTO attendance (user, meeting, duration, status, inoutTime) VALUES (7754, 30715, 153, 'PRESENT', ' 05:11:35 AM -  07:43:07 AM');
INSERT INTO attendance (user, meeting, duration, status, inoutTime) VALUES (7755, 30715, null, 'ABSENT', 'null');
INSERT INTO attendance (user, meeting, duration, status, inoutTime) VALUES (7756, 30715, 84, 'PRESENT', ' 06:00:55 AM -  06:45:09 AM');
INSERT INTO attendance (user, meeting, duration, status, inoutTime) VALUES (7757, 30715, null, 'ABSENT', 'null');
INSERT INTO attendance (user, meeting, duration, status, inoutTime) VALUES (7758, 30715, null, 'ABSENT', 'null');
INSERT INTO attendance (user, meeting, duration, status, inoutTime) VALUES (7759, 30715, null, 'ABSENT', 'null');
INSERT INTO attendance (user, meeting, duration, status, inoutTime) VALUES (7760, 30715, null, 'ABSENT', 'null');
INSERT INTO attendance (user, meeting, duration, status, inoutTime) VALUES (7761, 30715, null, 'ABSENT', 'null');
INSERT INTO attendance (user, meeting, duration, status, inoutTime) VALUES (7762, 30715, null, 'ABSENT', 'null');
INSERT INTO attendance (user, meeting, duration, status, inoutTime) VALUES (7763, 30715, null, 'ABSENT', 'null');
INSERT INTO attendance (user, meeting, duration, status, inoutTime) VALUES (7764, 30715, 121, 'PRESENT', ' 05:44:35 AM -  07:45:31 AM');
INSERT INTO attendance (user, meeting, duration, status, inoutTime) VALUES (7765, 30715, 183, 'PRESENT', ' 05:52:58 AM -  08:55:36 AM');
INSERT INTO attendance (user, meeting, duration, status, inoutTime) VALUES (7766, 30715, 57, 'PRESENT', ' 06:12:31 AM -  07:08:35 AM');
INSERT INTO attendance (user, meeting, duration, status, inoutTime) VALUES (7767, 30715, null, 'ABSENT', 'null');
INSERT INTO attendance (user, meeting, duration, status, inoutTime) VALUES (7768, 30715, null, 'ABSENT', 'null');
INSERT INTO attendance (user, meeting, duration, status, inoutTime) VALUES (7769, 30715, null, 'ABSENT', 'null');
INSERT INTO attendance (user, meeting, duration, status, inoutTime) VALUES (7770, 30715, null, 'ABSENT', 'null');
INSERT INTO attendance (user, meeting, duration, status, inoutTime) VALUES (7771, 30715, null, 'ABSENT', 'null');
INSERT INTO attendance (user, meeting, duration, status, inoutTime) VALUES (7772, 30715, null, 'ABSENT', 'null');
INSERT INTO attendance (user, meeting, duration, status, inoutTime) VALUES (7773, 30715, null, 'ABSENT', 'null');
INSERT INTO attendance (user, meeting, duration, status, inoutTime) VALUES (7774, 30715, null, 'ABSENT', 'null');
INSERT INTO attendance (user, meeting, duration, status, inoutTime) VALUES (7775, 30715, 47, 'PRESENT', ' 07:13:22 AM -  07:59:39 AM');
INSERT INTO attendance (user, meeting, duration, status, inoutTime) VALUES (7776, 30715, 120, 'PRESENT', ' 05:30:56 AM -  07:30:54 AM');
INSERT INTO attendance (user, meeting, duration, status, inoutTime) VALUES (7777, 30715, 33, 'PRESENT', ' 06:36:52 AM -  07:09:34 AM');
INSERT INTO attendance (user, meeting, duration, status, inoutTime) VALUES (7778, 30715, null, 'ABSENT', 'null');
INSERT INTO attendance (user, meeting, duration, status, inoutTime) VALUES (7779, 30715, null, 'ABSENT', 'null');
INSERT INTO attendance (user, meeting, duration, status, inoutTime) VALUES (7780, 30715, null, 'ABSENT', 'null');
INSERT INTO attendance (user, meeting, duration, status, inoutTime) VALUES (7781, 30715, 42, 'PRESENT', ' 07:15:41 AM -  07:57:37 AM');
INSERT INTO attendance (user, meeting, duration, status, inoutTime) VALUES (7782, 30715, null, 'ABSENT', 'null');
INSERT INTO attendance (user, meeting, duration, status, inoutTime) VALUES (7783, 30715, 37, 'PRESENT', ' 06:57:23 AM -  07:33:30 AM');
INSERT INTO attendance (user, meeting, duration, status, inoutTime) VALUES (7784, 30715, 78, 'PRESENT', ' 06:38:19 AM -  07:55:27 AM');
INSERT INTO attendance (user, meeting, duration, status, inoutTime) VALUES (7785, 30715, null, 'ABSENT', 'null');
INSERT INTO attendance (user, meeting, duration, status, inoutTime) VALUES (7786, 30715, 33, 'PRESENT', ' 06:43:03 AM -  07:58:53 AM');
INSERT INTO attendance (user, meeting, duration, status, inoutTime) VALUES (7787, 30715, null, 'ABSENT', 'null');
INSERT INTO attendance (user, meeting, duration, status, inoutTime) VALUES (7788, 30715, null, 'ABSENT', 'null');
INSERT INTO attendance (user, meeting, duration, status, inoutTime) VALUES (7789, 30715, null, 'ABSENT', 'null');
INSERT INTO attendance (user, meeting, duration, status, inoutTime) VALUES (7790, 30715, null, 'ABSENT', 'null');
INSERT INTO attendance (user, meeting, duration, status, inoutTime) VALUES (7791, 30715, null, 'ABSENT', 'null');
INSERT INTO attendance (user, meeting, duration, status, inoutTime) VALUES (7792, 30715, null, 'ABSENT', 'null');
INSERT INTO attendance (user, meeting, duration, status, inoutTime) VALUES (7793, 30715, null, 'ABSENT', 'null');
INSERT INTO attendance (user, meeting, duration, status, inoutTime) VALUES (7794, 30715, 73, 'PRESENT', ' 06:12:13 AM -  07:25:07 AM');
INSERT INTO attendance (user, meeting, duration, status, inoutTime) VALUES (7795, 30715, null, 'ABSENT', 'null');
INSERT INTO attendance (user, meeting, duration, status, inoutTime) VALUES (7796, 30715, null, 'ABSENT', 'null');
INSERT INTO attendance (user, meeting, duration, status, inoutTime) VALUES (7797, 30715, null, 'ABSENT', 'null');
INSERT INTO attendance (user, meeting, duration, status, inoutTime) VALUES (7798, 30715, 48, 'PRESENT', ' 05:55:40 AM -  06:48:19 AM');
INSERT INTO attendance (user, meeting, duration, status, inoutTime) VALUES (7799, 30715, null, 'ABSENT', 'null');
INSERT INTO attendance (user, meeting, duration, status, inoutTime) VALUES (7800, 30715, 29, 'PRESENT', ' 06:00:20 AM -  06:28:31 AM');
INSERT INTO attendance (user, meeting, duration, status, inoutTime) VALUES (7801, 30715, null, 'ABSENT', 'null');
INSERT INTO attendance (user, meeting, duration, status, inoutTime) VALUES (7802, 30715, null, 'ABSENT', 'null');
INSERT INTO attendance (user, meeting, duration, status, inoutTime) VALUES (7803, 30715, 98, 'PRESENT', ' 06:18:57 AM -  07:56:47 AM');
INSERT INTO attendance (user, meeting, duration, status, inoutTime) VALUES (7804, 30715, 29, 'PRESENT', ' 05:31:20 AM -  05:59:36 AM');
INSERT INTO attendance (user, meeting, duration, status, inoutTime) VALUES (7805, 30715, 66, 'PRESENT', ' 06:08:44 AM -  07:14:35 AM');
INSERT INTO attendance (user, meeting, duration, status, inoutTime) VALUES (7806, 30715, null, 'ABSENT', 'null');
INSERT INTO attendance (user, meeting, duration, status, inoutTime) VALUES (7807, 30715, 2, 'PRESENT', ' 04:49:41 AM -  05:55:43 AM');
INSERT INTO attendance (user, meeting, duration, status, inoutTime) VALUES (7808, 30715, 51, 'PRESENT', ' 05:55:30 AM -  07:12:16 AM');
INSERT INTO attendance (user, meeting, duration, status, inoutTime) VALUES (7809, 30715, null, 'ABSENT', 'null');
INSERT INTO attendance (user, meeting, duration, status, inoutTime) VALUES (7810, 30715, null, 'ABSENT', 'null');
INSERT INTO attendance (user, meeting, duration, status, inoutTime) VALUES (7811, 30715, null, 'ABSENT', 'null');
INSERT INTO attendance (user, meeting, duration, status, inoutTime) VALUES (7812, 30715, null, 'ABSENT', 'null');
INSERT INTO attendance (user, meeting, duration, status, inoutTime) VALUES (7813, 30715, null, 'ABSENT', 'null');
INSERT INTO attendance (user, meeting, duration, status, inoutTime) VALUES (7814, 30715, null, 'ABSENT', 'null');
INSERT INTO attendance (user, meeting, duration, status, inoutTime) VALUES (7815, 30715, null, 'ABSENT', 'null');
INSERT INTO attendance (user, meeting, duration, status, inoutTime) VALUES (7816, 30715, null, 'ABSENT', 'null');
INSERT INTO attendance (user, meeting, duration, status, inoutTime) VALUES (7817, 30715, null, 'ABSENT', 'null');
INSERT INTO attendance (user, meeting, duration, status, inoutTime) VALUES (7818, 30715, null, 'ABSENT', 'null');
INSERT INTO attendance (user, meeting, duration, status, inoutTime) VALUES (7819, 30715, null, 'ABSENT', 'null');
INSERT INTO attendance (user, meeting, duration, status, inoutTime) VALUES (7820, 30715, 42, 'PRESENT', ' 05:45:31 AM -  06:27:25 AM');
INSERT INTO attendance (user, meeting, duration, status, inoutTime) VALUES (7821, 30715, 48, 'PRESENT', ' 05:41:42 AM -  06:28:52 AM');INSERT INTO users (id, name, email) VALUES ('7561','Abhishek Ananda IC pr', 'aanand5892@gmail.com');
INSERT INTO users (id, name, email) VALUES ('7562','Abhishek jha', 'abhishekjharoushan@gmail.com');
INSERT INTO users (id, name, email) VALUES ('7563','Abhishek Kr EE pr', 'abk8537@gmail.com');
INSERT INTO users (id, name, email) VALUES ('7564','Abhishek Pandey pr', 'abhishek80.a2s@gmail.com');
INSERT INTO users (id, name, email) VALUES ('7565','Abhishek pr Nawada', 'ak7268901@gmail.com');
INSERT INTO users (id, name, email) VALUES ('7566','Abhoy pr', 'abhoysaha1@gmail.com');
INSERT INTO users (id, name, email) VALUES ('7567','Ajay pr', 'call.ajay21@gmail.com');
INSERT INTO users (id, name, email) VALUES ('7568','Ajay pr(Mech)', 'ajay41707@gmail.com');
INSERT INTO users (id, name, email) VALUES ('7569','Ajeet pr', 'ajeetajeethemant@gmail.com');
INSERT INTO users (id, name, email) VALUES ('7570','Akash pr (Akarsak Srihari Pr)', 'akashkr930487@gmail.com');
INSERT INTO users (id, name, email) VALUES ('7571','Aman Jha', 'ajha9608@gmail.com');
INSERT INTO users (id, name, email) VALUES ('7572','Amit Raj pr', 'amitraj581@gmail.com');
INSERT INTO users (id, name, email) VALUES ('7573','Animesh pr', 'animeshmonty@gmail.com');
INSERT INTO users (id, name, email) VALUES ('7574','Ankush pr', 'kumarankush6200@gmail.com');
INSERT INTO users (id, name, email) VALUES ('7575','Anshu pr', 'anshuk1510@gmail.com');
INSERT INTO users (id, name, email) VALUES ('7576','Ashish pr', 'akg9023@gmail.com');
INSERT INTO users (id, name, email) VALUES ('7577','Atul pr', 'atulkumar15jan@gmail.com');
INSERT INTO users (id, name, email) VALUES ('7578','Atul Singh', 'atulsingh.asn@gmail.com');
INSERT INTO users (id, name, email) VALUES ('7579','Avinash pr', 'abinashshaw16@gmail.com');
INSERT INTO users (id, name, email) VALUES ('7580','Avishek Raj (Raja pr)', 'ars.raja23@gmail.com');
INSERT INTO users (id, name, email) VALUES ('7581','Balmukand pr', 'mishrabm96@gmail.com');
INSERT INTO users (id, name, email) VALUES ('7582','Bhanu pr', 'bhanupratapsingh1380@gmail.com');
INSERT INTO users (id, name, email) VALUES ('7583','Bhaskar Anand pr', 'bhskranand561@gmail.com');
INSERT INTO users (id, name, email) VALUES ('7584','BiswajIt pr', 'biswajitrowani@gmail.com');
INSERT INTO users (id, name, email) VALUES ('7585','Brahmanand pr', 'brahmanandamahato@gmail.com');
INSERT INTO users (id, name, email) VALUES ('7586','Chandan Pr', 'chandan.hitinstru@gmail.com');
INSERT INTO users (id, name, email) VALUES ('7587','Devashish pr', 'devashish0046@gmail.com');
INSERT INTO users (id, name, email) VALUES ('7588','Gaurav Jaiswal', 'jaiswalgaurav7183@gmail.com');
INSERT INTO users (id, name, email) VALUES ('7589','Gaurav pr', 'gauravsingh181997@gmail.com');
INSERT INTO users (id, name, email) VALUES ('7590','Gopal Chandra pr', 'gyan0prakash0@gmail.com');
INSERT INTO users (id, name, email) VALUES ('7591','Himanshu Choubey Pr', 'himanshuchoubey823@gmail.com');
INSERT INTO users (id, name, email) VALUES ('7592','Himanshu Srivastava', 'himanshusr2000@gmail.com');
INSERT INTO users (id, name, email) VALUES ('7593','Janardhan pr', 'jpclsr@gmail.com');
INSERT INTO users (id, name, email) VALUES ('7594','Kartik pr', 'KARTIK.KARTIK11@GMAIL.COM');
INSERT INTO users (id, name, email) VALUES ('7595','Kishlay', 'kishlay111999@gmail.com');
INSERT INTO users (id, name, email) VALUES ('7596','Mohit pr', 'mohit05121997@gmail.com');
INSERT INTO users (id, name, email) VALUES ('7597','Mukund Dayal Pr (Mithun Naskar)', 'naskarmithun@gmail.com');
INSERT INTO users (id, name, email) VALUES ('7598','Nandakishore pr', 'nandkishore.cse.hit@gmail.com');
INSERT INTO users (id, name, email) VALUES ('7599','Neelmani pr', 'mani4neel98@gmail.com');
INSERT INTO users (id, name, email) VALUES ('7600','Nikhil pr', 'nikhilsaphal2000@gmail.com');
INSERT INTO users (id, name, email) VALUES ('7601','Nikhilesh Roy pr', 'nkr159357258@gmail.com');
INSERT INTO users (id, name, email) VALUES ('7602','Nilmadhava Pr', 'neelabhanand99@gmail.com');
INSERT INTO users (id, name, email) VALUES ('7603','Niraj Sah pr', 'topniraj@gmail.com');
INSERT INTO users (id, name, email) VALUES ('7604','Nishant Shekhar Pr', 'mailnishantshekhar@gmail.com');
INSERT INTO users (id, name, email) VALUES ('7605','Pankaj Dubey pr', 'pkdubey1998@gmail.com');
INSERT INTO users (id, name, email) VALUES ('7606','Pawan pandey pr', 'kintupandey93@gmail.com');
INSERT INTO users (id, name, email) VALUES ('7607','Prabhakar pr', 'Prabhakar.jha25021996@gmail.com');
INSERT INTO users (id, name, email) VALUES ('7608','Pramit pr', 'pramit.hit@gmail.com');
INSERT INTO users (id, name, email) VALUES ('7609','Praween', 'praween868@gmail.com');
INSERT INTO users (id, name, email) VALUES ('7610','Purushottam pr', 'puru.anand20@gmail.com');
INSERT INTO users (id, name, email) VALUES ('7611','Rajbardhan', 'raghurajbardhan123@gmail.com');
INSERT INTO users (id, name, email) VALUES ('7612','Rajiv soni', 'radharajivsoni@gmail.com');
INSERT INTO users (id, name, email) VALUES ('7613','Rakesh pr', 'rk51633@gmail.com');
INSERT INTO users (id, name, email) VALUES ('7614','Ranjit pr', 'krisranjit100@gmail.com');
INSERT INTO users (id, name, email) VALUES ('7615','Ravishankar kr pr', 'ravishankar.purnia@gmail.com');
INSERT INTO users (id, name, email) VALUES ('7616','Ravishankar prasad pr', 'ravish.prasad4300@gmail.com');
INSERT INTO users (id, name, email) VALUES ('7617','Rohit', 'rohit10081998@gmail.com');
INSERT INTO users (id, name, email) VALUES ('7618','Rupesh pr', 'kmrrupesh5@gmail.com');
INSERT INTO users (id, name, email) VALUES ('7619','Sagar pr', 'sagar.sgr09@gmail.com');
INSERT INTO users (id, name, email) VALUES ('7620','Satyabrat Mishra pr (Shibu)', 'sibumishra546@gmail.com');
INSERT INTO users (id, name, email) VALUES ('7621','Satyam Mishra pr', 'satyamkumar9245@gmail.com');
INSERT INTO users (id, name, email) VALUES ('7622','Satyam pr', 'satyamsingh.ss27@gmail.com');
INSERT INTO users (id, name, email) VALUES ('7623','Saurabh kr pr(Chem)', 'saurabhkumarojha123@gmail.com');
INSERT INTO users (id, name, email) VALUES ('7624','Saurav pr', 'saurav109677@gmail.com');
INSERT INTO users (id, name, email) VALUES ('7625','Sekhar suman pr', 'shkrsuman77@gmail.com');
INSERT INTO users (id, name, email) VALUES ('7626','Shailendra Singh pr', 'singh.shailendra949597@gmail.com');
INSERT INTO users (id, name, email) VALUES ('7627','Shailesh pr', 'shaileshchunnu008@gmail.com');
INSERT INTO users (id, name, email) VALUES ('7628','Shashank pr', 'shankykr1999@gmail.com');
INSERT INTO users (id, name, email) VALUES ('7629','Shubham Choudhary pr', 'sk969309@gmail.com');
INSERT INTO users (id, name, email) VALUES ('7630','Shyam pr', 'samlyt1915149@gmail.com');
INSERT INTO users (id, name, email) VALUES ('7631','Sivatma Gopinath Pr', 'shiv.ti@gmail.com');
INSERT INTO users (id, name, email) VALUES ('7632','Sonu pr', 'skdas931891@gmail.com');
INSERT INTO users (id, name, email) VALUES ('7633','Srikant pr', 'shreekantsingh511998@gmail.com');
INSERT INTO users (id, name, email) VALUES ('7634','Subha Krsna pr', 'shubhamkumarhit19@gmail.com');
INSERT INTO users (id, name, email) VALUES ('7635','Subham Chandra pr', 'subhamchandra597@gmail.com');
INSERT INTO users (id, name, email) VALUES ('7636','Subham Gupta', 'guptasubham175@gmail.com');
INSERT INTO users (id, name, email) VALUES ('7637','Sukumar pr', 'sukumar712702@gmail.com');
INSERT INTO users (id, name, email) VALUES ('7638','Suman vatsa', 'sumanvasta0@gmail.com');
INSERT INTO users (id, name, email) VALUES ('7639','Suraj pr Gaya', 'suraj.don10april@gmail.com');
INSERT INTO users (id, name, email) VALUES ('7640','Trideep pr', 'bunty.biswas547@gmail.com');
INSERT INTO users (id, name, email) VALUES ('7641','Varun pr', 'varun.idea21@gmail.com');
INSERT INTO users (id, name, email) VALUES ('7642','Veda Prakash pr', 'ved.divg@gmail.com');
INSERT INTO users (id, name, email) VALUES ('7643','Vikash pr', 'vikashkumar982141@gmail.com');
INSERT INTO users (id, name, email) VALUES ('7644','Vinay kr singh pr', 'vinay7121989@gmail.com');
INSERT INTO users (id, name, email) VALUES ('7645','Vinit pr', 'vinitkj15@gmail.com');
INSERT INTO users (id, name, email) VALUES ('7646','Vishal Singh Pr', 'vishal9sept@gmail.com');
INSERT INTO users (id, name, email) VALUES ('7647','Vivek pr Gaya', 'rsvjvivek@gmail.com');INSERT INTO meetings (id, date, meeting_name) VALUES ('30716','2023-07-16', 'Japa');INSERT INTO attendance (user, meeting, duration, status, inoutTime) VALUES (7561, 30716, null, 'ABSENT', 'null');
INSERT INTO attendance (user, meeting, duration, status, inoutTime) VALUES (7562, 30716, 137, 'PRESENT', ' 05:01:34 AM -  07:16:31 AM');
INSERT INTO attendance (user, meeting, duration, status, inoutTime) VALUES (7563, 30716, 91, 'PRESENT', ' 05:56:43 AM -  07:26:15 AM');
INSERT INTO attendance (user, meeting, duration, status, inoutTime) VALUES (7564, 30716, null, 'ABSENT', 'null');
INSERT INTO attendance (user, meeting, duration, status, inoutTime) VALUES (7565, 30716, null, 'ABSENT', 'null');
INSERT INTO attendance (user, meeting, duration, status, inoutTime) VALUES (7566, 30716, 202, 'PRESENT', ' 04:03:12 AM -  07:25:11 AM');
INSERT INTO attendance (user, meeting, duration, status, inoutTime) VALUES (7567, 30716, 1, 'PRESENT', ' 05:40:48 AM -  05:41:43 AM');
INSERT INTO attendance (user, meeting, duration, status, inoutTime) VALUES (7568, 30716, 71, 'PRESENT', ' 06:29:11 AM -  07:39:54 AM');
INSERT INTO attendance (user, meeting, duration, status, inoutTime) VALUES (7569, 30716, 132, 'PRESENT', ' 05:46:44 AM -  07:57:45 AM');
INSERT INTO attendance (user, meeting, duration, status, inoutTime) VALUES (7570, 30716, null, 'ABSENT', 'null');
INSERT INTO attendance (user, meeting, duration, status, inoutTime) VALUES (7571, 30716, 28, 'PRESENT', ' 06:34:03 AM -  07:01:33 AM');
INSERT INTO attendance (user, meeting, duration, status, inoutTime) VALUES (7572, 30716, null, 'ABSENT', 'null');
INSERT INTO attendance (user, meeting, duration, status, inoutTime) VALUES (7573, 30716, null, 'ABSENT', 'null');
INSERT INTO attendance (user, meeting, duration, status, inoutTime) VALUES (7574, 30716, 42, 'PRESENT', ' 07:16:14 AM -  07:57:44 AM');
INSERT INTO attendance (user, meeting, duration, status, inoutTime) VALUES (7575, 30716, 46, 'PRESENT', ' 04:40:11 AM -  05:48:44 AM');
INSERT INTO attendance (user, meeting, duration, status, inoutTime) VALUES (7576, 30716, null, 'ABSENT', 'null');
INSERT INTO attendance (user, meeting, duration, status, inoutTime) VALUES (7577, 30716, 92, 'PRESENT', ' 06:12:56 AM -  07:44:43 AM');
INSERT INTO attendance (user, meeting, duration, status, inoutTime) VALUES (7578, 30716, null, 'ABSENT', 'null');
INSERT INTO attendance (user, meeting, duration, status, inoutTime) VALUES (7579, 30716, null, 'ABSENT', 'null');
INSERT INTO attendance (user, meeting, duration, status, inoutTime) VALUES (7580, 30716, null, 'ABSENT', 'null');
INSERT INTO attendance (user, meeting, duration, status, inoutTime) VALUES (7581, 30716, null, 'ABSENT', 'null');
INSERT INTO attendance (user, meeting, duration, status, inoutTime) VALUES (7582, 30716, 79, 'PRESENT', ' 05:49:23 AM -  07:12:28 AM');
INSERT INTO attendance (user, meeting, duration, status, inoutTime) VALUES (7583, 30716, null, 'ABSENT', 'null');
INSERT INTO attendance (user, meeting, duration, status, inoutTime) VALUES (7584, 30716, 49, 'PRESENT', ' 05:44:41 AM -  06:32:50 AM');
INSERT INTO attendance (user, meeting, duration, status, inoutTime) VALUES (7585, 30716, null, 'ABSENT', 'null');
INSERT INTO attendance (user, meeting, duration, status, inoutTime) VALUES (7586, 30716, null, 'ABSENT', 'null');
INSERT INTO attendance (user, meeting, duration, status, inoutTime) VALUES (7587, 30716, null, 'ABSENT', 'null');
INSERT INTO attendance (user, meeting, duration, status, inoutTime) VALUES (7588, 30716, null, 'ABSENT', 'null');
INSERT INTO attendance (user, meeting, duration, status, inoutTime) VALUES (7589, 30716, null, 'ABSENT', 'null');
INSERT INTO attendance (user, meeting, duration, status, inoutTime) VALUES (7590, 30716, 49, 'PRESENT', ' 06:33:44 AM -  07:22:27 AM');
INSERT INTO attendance (user, meeting, duration, status, inoutTime) VALUES (7591, 30716, null, 'ABSENT', 'null');
INSERT INTO attendance (user, meeting, duration, status, inoutTime) VALUES (7592, 30716, 89, 'PRESENT', ' 05:32:50 AM -  07:01:38 AM');
INSERT INTO attendance (user, meeting, duration, status, inoutTime) VALUES (7593, 30716, null, 'ABSENT', 'null');
INSERT INTO attendance (user, meeting, duration, status, inoutTime) VALUES (7594, 30716, null, 'ABSENT', 'null');
INSERT INTO attendance (user, meeting, duration, status, inoutTime) VALUES (7595, 30716, null, 'ABSENT', 'null');
INSERT INTO attendance (user, meeting, duration, status, inoutTime) VALUES (7596, 30716, null, 'ABSENT', 'null');
INSERT INTO attendance (user, meeting, duration, status, inoutTime) VALUES (7597, 30716, null, 'ABSENT', 'null');
INSERT INTO attendance (user, meeting, duration, status, inoutTime) VALUES (7598, 30716, null, 'ABSENT', 'null');
INSERT INTO attendance (user, meeting, duration, status, inoutTime) VALUES (7599, 30716, null, 'ABSENT', 'null');
INSERT INTO attendance (user, meeting, duration, status, inoutTime) VALUES (7600, 30716, null, 'ABSENT', 'null');
INSERT INTO attendance (user, meeting, duration, status, inoutTime) VALUES (7601, 30716, 64, 'PRESENT', ' 06:16:07 AM -  07:19:10 AM');
INSERT INTO attendance (user, meeting, duration, status, inoutTime) VALUES (7602, 30716, 96, 'PRESENT', ' 05:33:35 AM -  07:09:31 AM');
INSERT INTO attendance (user, meeting, duration, status, inoutTime) VALUES (7603, 30716, 7, 'PRESENT', ' 06:58:23 AM -  07:04:32 AM');
INSERT INTO attendance (user, meeting, duration, status, inoutTime) VALUES (7604, 30716, null, 'ABSENT', 'null');
INSERT INTO attendance (user, meeting, duration, status, inoutTime) VALUES (7605, 30716, null, 'ABSENT', 'null');
INSERT INTO attendance (user, meeting, duration, status, inoutTime) VALUES (7606, 30716, 71, 'PRESENT', ' 06:46:34 AM -  07:57:29 AM');
INSERT INTO attendance (user, meeting, duration, status, inoutTime) VALUES (7607, 30716, 77, 'PRESENT', ' 07:15:47 AM -  07:15:09 AM');
INSERT INTO attendance (user, meeting, duration, status, inoutTime) VALUES (7608, 30716, null, 'ABSENT', 'null');
INSERT INTO attendance (user, meeting, duration, status, inoutTime) VALUES (7609, 30716, null, 'ABSENT', 'null');
INSERT INTO attendance (user, meeting, duration, status, inoutTime) VALUES (7610, 30716, 104, 'PRESENT', ' 05:34:48 AM -  07:50:13 AM');
INSERT INTO attendance (user, meeting, duration, status, inoutTime) VALUES (7611, 30716, null, 'ABSENT', 'null');
INSERT INTO attendance (user, meeting, duration, status, inoutTime) VALUES (7612, 30716, null, 'ABSENT', 'null');
INSERT INTO attendance (user, meeting, duration, status, inoutTime) VALUES (7613, 30716, null, 'ABSENT', 'null');
INSERT INTO attendance (user, meeting, duration, status, inoutTime) VALUES (7614, 30716, 75, 'PRESENT', ' 06:06:36 AM -  07:26:02 AM');
INSERT INTO attendance (user, meeting, duration, status, inoutTime) VALUES (7615, 30716, null, 'ABSENT', 'null');
INSERT INTO attendance (user, meeting, duration, status, inoutTime) VALUES (7616, 30716, null, 'ABSENT', 'null');
INSERT INTO attendance (user, meeting, duration, status, inoutTime) VALUES (7617, 30716, 78, 'PRESENT', ' 05:45:41 AM -  07:02:53 AM');
INSERT INTO attendance (user, meeting, duration, status, inoutTime) VALUES (7618, 30716, null, 'ABSENT', 'null');
INSERT INTO attendance (user, meeting, duration, status, inoutTime) VALUES (7619, 30716, null, 'ABSENT', 'null');
INSERT INTO attendance (user, meeting, duration, status, inoutTime) VALUES (7620, 30716, null, 'ABSENT', 'null');
INSERT INTO attendance (user, meeting, duration, status, inoutTime) VALUES (7621, 30716, null, 'ABSENT', 'null');
INSERT INTO attendance (user, meeting, duration, status, inoutTime) VALUES (7622, 30716, null, 'ABSENT', 'null');
INSERT INTO attendance (user, meeting, duration, status, inoutTime) VALUES (7623, 30716, 62, 'PRESENT', ' 04:29:37 AM -  05:30:49 AM');
INSERT INTO attendance (user, meeting, duration, status, inoutTime) VALUES (7624, 30716, 41, 'PRESENT', ' 05:51:08 AM -  06:44:01 AM');
INSERT INTO attendance (user, meeting, duration, status, inoutTime) VALUES (7625, 30716, null, 'ABSENT', 'null');
INSERT INTO attendance (user, meeting, duration, status, inoutTime) VALUES (7626, 30716, 90, 'PRESENT', ' 04:32:53 AM -  06:41:56 AM');
INSERT INTO attendance (user, meeting, duration, status, inoutTime) VALUES (7627, 30716, 60, 'PRESENT', ' 06:53:48 AM -  07:53:46 AM');
INSERT INTO attendance (user, meeting, duration, status, inoutTime) VALUES (7628, 30716, null, 'ABSENT', 'null');
INSERT INTO attendance (user, meeting, duration, status, inoutTime) VALUES (7629, 30716, 67, 'PRESENT', ' 06:26:38 AM -  07:32:47 AM');
INSERT INTO attendance (user, meeting, duration, status, inoutTime) VALUES (7630, 30716, null, 'ABSENT', 'null');
INSERT INTO attendance (user, meeting, duration, status, inoutTime) VALUES (7631, 30716, 65, 'PRESENT', ' 06:08:24 AM -  07:13:00 AM');
INSERT INTO attendance (user, meeting, duration, status, inoutTime) VALUES (7632, 30716, null, 'ABSENT', 'null');
INSERT INTO attendance (user, meeting, duration, status, inoutTime) VALUES (7633, 30716, 3, 'PRESENT', ' 05:13:39 AM -  05:15:55 AM');
INSERT INTO attendance (user, meeting, duration, status, inoutTime) VALUES (7634, 30716, 34, 'PRESENT', ' 05:48:23 AM -  06:21:59 AM');
INSERT INTO attendance (user, meeting, duration, status, inoutTime) VALUES (7635, 30716, null, 'ABSENT', 'null');
INSERT INTO attendance (user, meeting, duration, status, inoutTime) VALUES (7636, 30716, null, 'ABSENT', 'null');
INSERT INTO attendance (user, meeting, duration, status, inoutTime) VALUES (7637, 30716, null, 'ABSENT', 'null');
INSERT INTO attendance (user, meeting, duration, status, inoutTime) VALUES (7638, 30716, null, 'ABSENT', 'null');
INSERT INTO attendance (user, meeting, duration, status, inoutTime) VALUES (7639, 30716, 35, 'PRESENT', ' 07:23:23 AM -  07:57:45 AM');
INSERT INTO attendance (user, meeting, duration, status, inoutTime) VALUES (7640, 30716, 1, 'PRESENT', ' 06:53:04 AM -  06:53:45 AM');
INSERT INTO attendance (user, meeting, duration, status, inoutTime) VALUES (7641, 30716, null, 'ABSENT', 'null');
INSERT INTO attendance (user, meeting, duration, status, inoutTime) VALUES (7642, 30716, null, 'ABSENT', 'null');
INSERT INTO attendance (user, meeting, duration, status, inoutTime) VALUES (7643, 30716, null, 'ABSENT', 'null');
INSERT INTO attendance (user, meeting, duration, status, inoutTime) VALUES (7644, 30716, null, 'ABSENT', 'null');
INSERT INTO attendance (user, meeting, duration, status, inoutTime) VALUES (7645, 30716, null, 'ABSENT', 'null');
INSERT INTO attendance (user, meeting, duration, status, inoutTime) VALUES (7646, 30716, 30, 'PRESENT', ' 05:50:21 AM -  06:20:19 AM');
INSERT INTO attendance (user, meeting, duration, status, inoutTime) VALUES (7647, 30716, null, 'ABSENT', 'null');INSERT INTO users (id, name, email) VALUES ('7648','Abhishek Ananda IC pr', 'aanand5892@gmail.com');
INSERT INTO users (id, name, email) VALUES ('7649','Abhishek jha', 'abhishekjharoushan@gmail.com');
INSERT INTO users (id, name, email) VALUES ('7650','Abhishek Kr EE pr', 'abk8537@gmail.com');
INSERT INTO users (id, name, email) VALUES ('7651','Abhishek Pandey pr', 'abhishek80.a2s@gmail.com');
INSERT INTO users (id, name, email) VALUES ('7652','Abhishek pr Nawada', 'ak7268901@gmail.com');
INSERT INTO users (id, name, email) VALUES ('7653','Abhoy pr', 'abhoysaha1@gmail.com');
INSERT INTO users (id, name, email) VALUES ('7654','Ajay pr', 'call.ajay21@gmail.com');
INSERT INTO users (id, name, email) VALUES ('7655','Ajay pr(Mech)', 'ajay41707@gmail.com');
INSERT INTO users (id, name, email) VALUES ('7656','Ajeet pr', 'ajeetajeethemant@gmail.com');
INSERT INTO users (id, name, email) VALUES ('7657','Akash pr (Akarsak Srihari Pr)', 'akashkr930487@gmail.com');
INSERT INTO users (id, name, email) VALUES ('7658','Aman Jha', 'ajha9608@gmail.com');
INSERT INTO users (id, name, email) VALUES ('7659','Amit Raj pr', 'amitraj581@gmail.com');
INSERT INTO users (id, name, email) VALUES ('7660','Animesh pr', 'animeshmonty@gmail.com');
INSERT INTO users (id, name, email) VALUES ('7661','Ankush pr', 'kumarankush6200@gmail.com');
INSERT INTO users (id, name, email) VALUES ('7662','Anshu pr', 'anshuk1510@gmail.com');
INSERT INTO users (id, name, email) VALUES ('7663','Ashish pr', 'akg9023@gmail.com');
INSERT INTO users (id, name, email) VALUES ('7664','Atul pr', 'atulkumar15jan@gmail.com');
INSERT INTO users (id, name, email) VALUES ('7665','Atul Singh', 'atulsingh.asn@gmail.com');
INSERT INTO users (id, name, email) VALUES ('7666','Avinash pr', 'abinashshaw16@gmail.com');
INSERT INTO users (id, name, email) VALUES ('7667','Avishek Raj (Raja pr)', 'ars.raja23@gmail.com');
INSERT INTO users (id, name, email) VALUES ('7668','Balmukand pr', 'mishrabm96@gmail.com');
INSERT INTO users (id, name, email) VALUES ('7669','Bhanu pr', 'bhanupratapsingh1380@gmail.com');
INSERT INTO users (id, name, email) VALUES ('7670','Bhaskar Anand pr', 'bhskranand561@gmail.com');
INSERT INTO users (id, name, email) VALUES ('7671','BiswajIt pr', 'biswajitrowani@gmail.com');
INSERT INTO users (id, name, email) VALUES ('7672','Brahmanand pr', 'brahmanandamahato@gmail.com');
INSERT INTO users (id, name, email) VALUES ('7673','Chandan Pr', 'chandan.hitinstru@gmail.com');
INSERT INTO users (id, name, email) VALUES ('7674','Devashish pr', 'devashish0046@gmail.com');
INSERT INTO users (id, name, email) VALUES ('7675','Gaurav Jaiswal', 'jaiswalgaurav7183@gmail.com');
INSERT INTO users (id, name, email) VALUES ('7676','Gaurav pr', 'gauravsingh181997@gmail.com');
INSERT INTO users (id, name, email) VALUES ('7677','Gopal Chandra pr', 'gyan0prakash0@gmail.com');
INSERT INTO users (id, name, email) VALUES ('7678','Himanshu Choubey Pr', 'himanshuchoubey823@gmail.com');
INSERT INTO users (id, name, email) VALUES ('7679','Himanshu Srivastava', 'himanshusr2000@gmail.com');
INSERT INTO users (id, name, email) VALUES ('7680','Janardhan pr', 'jpclsr@gmail.com');
INSERT INTO users (id, name, email) VALUES ('7681','Kartik pr', 'KARTIK.KARTIK11@GMAIL.COM');
INSERT INTO users (id, name, email) VALUES ('7682','Kishlay', 'kishlay111999@gmail.com');
INSERT INTO users (id, name, email) VALUES ('7683','Mohit pr', 'mohit05121997@gmail.com');
INSERT INTO users (id, name, email) VALUES ('7684','Mukund Dayal Pr (Mithun Naskar)', 'naskarmithun@gmail.com');
INSERT INTO users (id, name, email) VALUES ('7685','Nandakishore pr', 'nandkishore.cse.hit@gmail.com');
INSERT INTO users (id, name, email) VALUES ('7686','Neelmani pr', 'mani4neel98@gmail.com');
INSERT INTO users (id, name, email) VALUES ('7687','Nikhil pr', 'nikhilsaphal2000@gmail.com');
INSERT INTO users (id, name, email) VALUES ('7688','Nikhilesh Roy pr', 'nkr159357258@gmail.com');
INSERT INTO users (id, name, email) VALUES ('7689','Nilmadhava Pr', 'neelabhanand99@gmail.com');
INSERT INTO users (id, name, email) VALUES ('7690','Niraj Sah pr', 'topniraj@gmail.com');
INSERT INTO users (id, name, email) VALUES ('7691','Nishant Shekhar Pr', 'mailnishantshekhar@gmail.com');
INSERT INTO users (id, name, email) VALUES ('7692','Pankaj Dubey pr', 'pkdubey1998@gmail.com');
INSERT INTO users (id, name, email) VALUES ('7693','Pawan pandey pr', 'kintupandey93@gmail.com');
INSERT INTO users (id, name, email) VALUES ('7694','Prabhakar pr', 'Prabhakar.jha25021996@gmail.com');
INSERT INTO users (id, name, email) VALUES ('7695','Pramit pr', 'pramit.hit@gmail.com');
INSERT INTO users (id, name, email) VALUES ('7696','Praween', 'praween868@gmail.com');
INSERT INTO users (id, name, email) VALUES ('7697','Purushottam pr', 'puru.anand20@gmail.com');
INSERT INTO users (id, name, email) VALUES ('7698','Rajbardhan', 'raghurajbardhan123@gmail.com');
INSERT INTO users (id, name, email) VALUES ('7699','Rajiv soni', 'radharajivsoni@gmail.com');
INSERT INTO users (id, name, email) VALUES ('7700','Rakesh pr', 'rk51633@gmail.com');
INSERT INTO users (id, name, email) VALUES ('7701','Ranjit pr', 'krisranjit100@gmail.com');
INSERT INTO users (id, name, email) VALUES ('7702','Ravishankar kr pr', 'ravishankar.purnia@gmail.com');
INSERT INTO users (id, name, email) VALUES ('7703','Ravishankar prasad pr', 'ravish.prasad4300@gmail.com');
INSERT INTO users (id, name, email) VALUES ('7704','Rohit', 'rohit10081998@gmail.com');
INSERT INTO users (id, name, email) VALUES ('7705','Rupesh pr', 'kmrrupesh5@gmail.com');
INSERT INTO users (id, name, email) VALUES ('7706','Sagar pr', 'sagar.sgr09@gmail.com');
INSERT INTO users (id, name, email) VALUES ('7707','Satyabrat Mishra pr (Shibu)', 'sibumishra546@gmail.com');
INSERT INTO users (id, name, email) VALUES ('7708','Satyam Mishra pr', 'satyamkumar9245@gmail.com');
INSERT INTO users (id, name, email) VALUES ('7709','Satyam pr', 'satyamsingh.ss27@gmail.com');
INSERT INTO users (id, name, email) VALUES ('7710','Saurabh kr pr(Chem)', 'saurabhkumarojha123@gmail.com');
INSERT INTO users (id, name, email) VALUES ('7711','Saurav pr', 'saurav109677@gmail.com');
INSERT INTO users (id, name, email) VALUES ('7712','Sekhar suman pr', 'shkrsuman77@gmail.com');
INSERT INTO users (id, name, email) VALUES ('7713','Shailendra Singh pr', 'singh.shailendra949597@gmail.com');
INSERT INTO users (id, name, email) VALUES ('7714','Shailesh pr', 'shaileshchunnu008@gmail.com');
INSERT INTO users (id, name, email) VALUES ('7715','Shashank pr', 'shankykr1999@gmail.com');
INSERT INTO users (id, name, email) VALUES ('7716','Shubham Choudhary pr', 'sk969309@gmail.com');
INSERT INTO users (id, name, email) VALUES ('7717','Shyam pr', 'samlyt1915149@gmail.com');
INSERT INTO users (id, name, email) VALUES ('7718','Sivatma Gopinath Pr', 'shiv.ti@gmail.com');
INSERT INTO users (id, name, email) VALUES ('7719','Sonu pr', 'skdas931891@gmail.com');
INSERT INTO users (id, name, email) VALUES ('7720','Srikant pr', 'shreekantsingh511998@gmail.com');
INSERT INTO users (id, name, email) VALUES ('7721','Subha Krsna pr', 'shubhamkumarhit19@gmail.com');
INSERT INTO users (id, name, email) VALUES ('7722','Subham Chandra pr', 'subhamchandra597@gmail.com');
INSERT INTO users (id, name, email) VALUES ('7723','Subham Gupta', 'guptasubham175@gmail.com');
INSERT INTO users (id, name, email) VALUES ('7724','Sukumar pr', 'sukumar712702@gmail.com');
INSERT INTO users (id, name, email) VALUES ('7725','Suman vatsa', 'sumanvasta0@gmail.com');
INSERT INTO users (id, name, email) VALUES ('7726','Suraj pr Gaya', 'suraj.don10april@gmail.com');
INSERT INTO users (id, name, email) VALUES ('7727','Trideep pr', 'bunty.biswas547@gmail.com');
INSERT INTO users (id, name, email) VALUES ('7728','Varun pr', 'varun.idea21@gmail.com');
INSERT INTO users (id, name, email) VALUES ('7729','Veda Prakash pr', 'ved.divg@gmail.com');
INSERT INTO users (id, name, email) VALUES ('7730','Vikash pr', 'vikashkumar982141@gmail.com');
INSERT INTO users (id, name, email) VALUES ('7731','Vinay kr singh pr', 'vinay7121989@gmail.com');
INSERT INTO users (id, name, email) VALUES ('7732','Vinit pr', 'vinitkj15@gmail.com');
INSERT INTO users (id, name, email) VALUES ('7733','Vishal Singh Pr', 'vishal9sept@gmail.com');
INSERT INTO users (id, name, email) VALUES ('7734','Vivek pr Gaya', 'rsvjvivek@gmail.com');INSERT INTO meetings (id, date, meeting_name) VALUES ('30717','2023-07-17', 'Japa');INSERT INTO attendance (user, meeting, duration, status, inoutTime) VALUES (7648, 30717, null, 'ABSENT', 'null');
INSERT INTO attendance (user, meeting, duration, status, inoutTime) VALUES (7649, 30717, null, 'ABSENT', 'null');
INSERT INTO attendance (user, meeting, duration, status, inoutTime) VALUES (7650, 30717, null, 'ABSENT', 'null');
INSERT INTO attendance (user, meeting, duration, status, inoutTime) VALUES (7651, 30717, null, 'ABSENT', 'null');
INSERT INTO attendance (user, meeting, duration, status, inoutTime) VALUES (7652, 30717, null, 'ABSENT', 'null');
INSERT INTO attendance (user, meeting, duration, status, inoutTime) VALUES (7653, 30717, 243, 'PRESENT', ' 04:41:18 AM -  08:44:15 AM');
INSERT INTO attendance (user, meeting, duration, status, inoutTime) VALUES (7654, 30717, null, 'ABSENT', 'null');
INSERT INTO attendance (user, meeting, duration, status, inoutTime) VALUES (7655, 30717, 103, 'PRESENT', ' 06:51:30 AM -  08:34:07 AM');
INSERT INTO attendance (user, meeting, duration, status, inoutTime) VALUES (7656, 30717, null, 'ABSENT', 'null');
INSERT INTO attendance (user, meeting, duration, status, inoutTime) VALUES (7657, 30717, null, 'ABSENT', 'null');
INSERT INTO attendance (user, meeting, duration, status, inoutTime) VALUES (7658, 30717, 72, 'PRESENT', ' 05:57:47 AM -  07:08:59 AM');
INSERT INTO attendance (user, meeting, duration, status, inoutTime) VALUES (7659, 30717, null, 'ABSENT', 'null');
INSERT INTO attendance (user, meeting, duration, status, inoutTime) VALUES (7660, 30717, 35, 'PRESENT', ' 06:29:56 AM -  07:04:14 AM');
INSERT INTO attendance (user, meeting, duration, status, inoutTime) VALUES (7661, 30717, 27, 'PRESENT', ' 06:05:17 AM -  06:31:29 AM');
INSERT INTO attendance (user, meeting, duration, status, inoutTime) VALUES (7662, 30717, null, 'ABSENT', 'null');
INSERT INTO attendance (user, meeting, duration, status, inoutTime) VALUES (7663, 30717, null, 'ABSENT', 'null');
INSERT INTO attendance (user, meeting, duration, status, inoutTime) VALUES (7664, 30717, 103, 'PRESENT', ' 06:24:02 AM -  08:06:33 AM');
INSERT INTO attendance (user, meeting, duration, status, inoutTime) VALUES (7665, 30717, 75, 'PRESENT', ' 05:21:15 AM -  06:35:29 AM');
INSERT INTO attendance (user, meeting, duration, status, inoutTime) VALUES (7666, 30717, null, 'ABSENT', 'null');
INSERT INTO attendance (user, meeting, duration, status, inoutTime) VALUES (7667, 30717, 148, 'PRESENT', ' 05:01:36 AM -  07:28:25 AM');
INSERT INTO attendance (user, meeting, duration, status, inoutTime) VALUES (7668, 30717, null, 'ABSENT', 'null');
INSERT INTO attendance (user, meeting, duration, status, inoutTime) VALUES (7669, 30717, null, 'ABSENT', 'null');
INSERT INTO attendance (user, meeting, duration, status, inoutTime) VALUES (7670, 30717, 73, 'PRESENT', ' 05:50:16 AM -  07:06:58 AM');
INSERT INTO attendance (user, meeting, duration, status, inoutTime) VALUES (7671, 30717, null, 'ABSENT', 'null');
INSERT INTO attendance (user, meeting, duration, status, inoutTime) VALUES (7672, 30717, null, 'ABSENT', 'null');
INSERT INTO attendance (user, meeting, duration, status, inoutTime) VALUES (7673, 30717, null, 'ABSENT', 'null');
INSERT INTO attendance (user, meeting, duration, status, inoutTime) VALUES (7674, 30717, null, 'ABSENT', 'null');
INSERT INTO attendance (user, meeting, duration, status, inoutTime) VALUES (7675, 30717, null, 'ABSENT', 'null');
INSERT INTO attendance (user, meeting, duration, status, inoutTime) VALUES (7676, 30717, null, 'ABSENT', 'null');
INSERT INTO attendance (user, meeting, duration, status, inoutTime) VALUES (7677, 30717, 101, 'PRESENT', ' 05:04:59 AM -  06:45:17 AM');
INSERT INTO attendance (user, meeting, duration, status, inoutTime) VALUES (7678, 30717, 109, 'PRESENT', ' 05:54:17 AM -  07:42:47 AM');
INSERT INTO attendance (user, meeting, duration, status, inoutTime) VALUES (7679, 30717, null, 'ABSENT', 'null');
INSERT INTO attendance (user, meeting, duration, status, inoutTime) VALUES (7680, 30717, null, 'ABSENT', 'null');
INSERT INTO attendance (user, meeting, duration, status, inoutTime) VALUES (7681, 30717, null, 'ABSENT', 'null');
INSERT INTO attendance (user, meeting, duration, status, inoutTime) VALUES (7682, 30717, null, 'ABSENT', 'null');
INSERT INTO attendance (user, meeting, duration, status, inoutTime) VALUES (7683, 30717, null, 'ABSENT', 'null');
INSERT INTO attendance (user, meeting, duration, status, inoutTime) VALUES (7684, 30717, null, 'ABSENT', 'null');
INSERT INTO attendance (user, meeting, duration, status, inoutTime) VALUES (7685, 30717, null, 'ABSENT', 'null');
INSERT INTO attendance (user, meeting, duration, status, inoutTime) VALUES (7686, 30717, null, 'ABSENT', 'null');
INSERT INTO attendance (user, meeting, duration, status, inoutTime) VALUES (7687, 30717, null, 'ABSENT', 'null');
INSERT INTO attendance (user, meeting, duration, status, inoutTime) VALUES (7688, 30717, 40, 'PRESENT', ' 07:26:58 AM -  08:06:39 AM');
INSERT INTO attendance (user, meeting, duration, status, inoutTime) VALUES (7689, 30717, 98, 'PRESENT', ' 04:43:36 AM -  06:21:03 AM');
INSERT INTO attendance (user, meeting, duration, status, inoutTime) VALUES (7690, 30717, 36, 'PRESENT', ' 06:45:58 AM -  07:21:07 AM');
INSERT INTO attendance (user, meeting, duration, status, inoutTime) VALUES (7691, 30717, null, 'ABSENT', 'null');
INSERT INTO attendance (user, meeting, duration, status, inoutTime) VALUES (7692, 30717, null, 'ABSENT', 'null');
INSERT INTO attendance (user, meeting, duration, status, inoutTime) VALUES (7693, 30717, 74, 'PRESENT', ' 06:40:31 AM -  07:54:23 AM');
INSERT INTO attendance (user, meeting, duration, status, inoutTime) VALUES (7694, 30717, 25, 'PRESENT', ' 06:50:30 AM -  08:44:16 AM');
INSERT INTO attendance (user, meeting, duration, status, inoutTime) VALUES (7695, 30717, null, 'ABSENT', 'null');
INSERT INTO attendance (user, meeting, duration, status, inoutTime) VALUES (7696, 30717, null, 'ABSENT', 'null');
INSERT INTO attendance (user, meeting, duration, status, inoutTime) VALUES (7697, 30717, 95, 'PRESENT', ' 05:45:14 AM -  07:45:18 AM');
INSERT INTO attendance (user, meeting, duration, status, inoutTime) VALUES (7698, 30717, 92, 'PRESENT', ' 06:53:11 AM -  08:25:11 AM');
INSERT INTO attendance (user, meeting, duration, status, inoutTime) VALUES (7699, 30717, 57, 'PRESENT', ' 06:39:31 AM -  07:35:53 AM');
INSERT INTO attendance (user, meeting, duration, status, inoutTime) VALUES (7700, 30717, null, 'ABSENT', 'null');
INSERT INTO attendance (user, meeting, duration, status, inoutTime) VALUES (7701, 30717, null, 'ABSENT', 'null');
INSERT INTO attendance (user, meeting, duration, status, inoutTime) VALUES (7702, 30717, null, 'ABSENT', 'null');
INSERT INTO attendance (user, meeting, duration, status, inoutTime) VALUES (7703, 30717, null, 'ABSENT', 'null');
INSERT INTO attendance (user, meeting, duration, status, inoutTime) VALUES (7704, 30717, null, 'ABSENT', 'null');
INSERT INTO attendance (user, meeting, duration, status, inoutTime) VALUES (7705, 30717, 73, 'PRESENT', ' 06:13:02 AM -  08:15:28 AM');
INSERT INTO attendance (user, meeting, duration, status, inoutTime) VALUES (7706, 30717, null, 'ABSENT', 'null');
INSERT INTO attendance (user, meeting, duration, status, inoutTime) VALUES (7707, 30717, null, 'ABSENT', 'null');
INSERT INTO attendance (user, meeting, duration, status, inoutTime) VALUES (7708, 30717, null, 'ABSENT', 'null');
INSERT INTO attendance (user, meeting, duration, status, inoutTime) VALUES (7709, 30717, null, 'ABSENT', 'null');
INSERT INTO attendance (user, meeting, duration, status, inoutTime) VALUES (7710, 30717, 21, 'PRESENT', ' 05:54:20 AM -  06:14:48 AM');
INSERT INTO attendance (user, meeting, duration, status, inoutTime) VALUES (7711, 30717, 64, 'PRESENT', ' 05:42:09 AM -  06:46:03 AM');
INSERT INTO attendance (user, meeting, duration, status, inoutTime) VALUES (7712, 30717, null, 'ABSENT', 'null');
INSERT INTO attendance (user, meeting, duration, status, inoutTime) VALUES (7713, 30717, 91, 'PRESENT', ' 04:13:48 AM -  06:50:04 AM');
INSERT INTO attendance (user, meeting, duration, status, inoutTime) VALUES (7714, 30717, 77, 'PRESENT', ' 06:24:12 AM -  07:40:13 AM');
INSERT INTO attendance (user, meeting, duration, status, inoutTime) VALUES (7715, 30717, 80, 'PRESENT', ' 06:36:21 AM -  07:55:49 AM');
INSERT INTO attendance (user, meeting, duration, status, inoutTime) VALUES (7716, 30717, null, 'ABSENT', 'null');
INSERT INTO attendance (user, meeting, duration, status, inoutTime) VALUES (7717, 30717, null, 'ABSENT', 'null');
INSERT INTO attendance (user, meeting, duration, status, inoutTime) VALUES (7718, 30717, 32, 'PRESENT', ' 06:20:23 AM -  06:52:11 AM');
INSERT INTO attendance (user, meeting, duration, status, inoutTime) VALUES (7719, 30717, null, 'ABSENT', 'null');
INSERT INTO attendance (user, meeting, duration, status, inoutTime) VALUES (7720, 30717, 2, 'PRESENT', ' 06:08:29 AM -  06:09:49 AM');
INSERT INTO attendance (user, meeting, duration, status, inoutTime) VALUES (7721, 30717, 34, 'PRESENT', ' 05:59:09 AM -  06:33:01 AM');
INSERT INTO attendance (user, meeting, duration, status, inoutTime) VALUES (7722, 30717, null, 'ABSENT', 'null');
INSERT INTO attendance (user, meeting, duration, status, inoutTime) VALUES (7723, 30717, null, 'ABSENT', 'null');
INSERT INTO attendance (user, meeting, duration, status, inoutTime) VALUES (7724, 30717, null, 'ABSENT', 'null');
INSERT INTO attendance (user, meeting, duration, status, inoutTime) VALUES (7725, 30717, null, 'ABSENT', 'null');
INSERT INTO attendance (user, meeting, duration, status, inoutTime) VALUES (7726, 30717, 118, 'PRESENT', ' 06:12:27 AM -  08:10:18 AM');
INSERT INTO attendance (user, meeting, duration, status, inoutTime) VALUES (7727, 30717, null, 'ABSENT', 'null');
INSERT INTO attendance (user, meeting, duration, status, inoutTime) VALUES (7728, 30717, null, 'ABSENT', 'null');
INSERT INTO attendance (user, meeting, duration, status, inoutTime) VALUES (7729, 30717, null, 'ABSENT', 'null');
INSERT INTO attendance (user, meeting, duration, status, inoutTime) VALUES (7730, 30717, null, 'ABSENT', 'null');
INSERT INTO attendance (user, meeting, duration, status, inoutTime) VALUES (7731, 30717, null, 'ABSENT', 'null');
INSERT INTO attendance (user, meeting, duration, status, inoutTime) VALUES (7732, 30717, null, 'ABSENT', 'null');
INSERT INTO attendance (user, meeting, duration, status, inoutTime) VALUES (7733, 30717, 34, 'PRESENT', ' 05:48:45 AM -  06:22:18 AM');
INSERT INTO attendance (user, meeting, duration, status, inoutTime) VALUES (7734, 30717, 72, 'PRESENT', ' 05:37:38 AM -  06:47:42 AM');INSERT INTO users (id, name, email) VALUES ('7822','Abhishek Ananda IC pr', 'aanand5892@gmail.com');
INSERT INTO users (id, name, email) VALUES ('7823','Abhishek jha', 'abhishekjharoushan@gmail.com');
INSERT INTO users (id, name, email) VALUES ('7824','Abhishek Kr EE pr', 'abk8537@gmail.com');
INSERT INTO users (id, name, email) VALUES ('7825','Abhishek Pandey pr', 'abhishek80.a2s@gmail.com');
INSERT INTO users (id, name, email) VALUES ('7826','Abhishek pr Nawada', 'ak7268901@gmail.com');
INSERT INTO users (id, name, email) VALUES ('7827','Abhoy pr', 'abhoysaha1@gmail.com');
INSERT INTO users (id, name, email) VALUES ('7828','Ajay pr', 'call.ajay21@gmail.com');
INSERT INTO users (id, name, email) VALUES ('7829','Ajay pr(Mech)', 'ajay41707@gmail.com');
INSERT INTO users (id, name, email) VALUES ('7830','Ajeet pr', 'ajeetajeethemant@gmail.com');
INSERT INTO users (id, name, email) VALUES ('7831','Akash pr (Akarsak Srihari Pr)', 'akashkr930487@gmail.com');
INSERT INTO users (id, name, email) VALUES ('7832','Aman Jha', 'ajha9608@gmail.com');
INSERT INTO users (id, name, email) VALUES ('7833','Amit Raj pr', 'amitraj581@gmail.com');
INSERT INTO users (id, name, email) VALUES ('7834','Animesh pr', 'animeshmonty@gmail.com');
INSERT INTO users (id, name, email) VALUES ('7835','Ankush pr', 'kumarankush6200@gmail.com');
INSERT INTO users (id, name, email) VALUES ('7836','Anshu pr', 'anshuk1510@gmail.com');
INSERT INTO users (id, name, email) VALUES ('7837','Ashish pr', 'akg9023@gmail.com');
INSERT INTO users (id, name, email) VALUES ('7838','Atul pr', 'atulkumar15jan@gmail.com');
INSERT INTO users (id, name, email) VALUES ('7839','Atul Singh', 'atulsingh.asn@gmail.com');
INSERT INTO users (id, name, email) VALUES ('7840','Avinash pr', 'abinashshaw16@gmail.com');
INSERT INTO users (id, name, email) VALUES ('7841','Avishek Raj (Raja pr)', 'ars.raja23@gmail.com');
INSERT INTO users (id, name, email) VALUES ('7842','Balmukand pr', 'mishrabm96@gmail.com');
INSERT INTO users (id, name, email) VALUES ('7843','Bhanu pr', 'bhanupratapsingh1380@gmail.com');
INSERT INTO users (id, name, email) VALUES ('7844','Bhaskar Anand pr', 'bhskranand561@gmail.com');
INSERT INTO users (id, name, email) VALUES ('7845','BiswajIt pr', 'biswajitrowani@gmail.com');
INSERT INTO users (id, name, email) VALUES ('7846','Brahmanand pr', 'brahmanandamahato@gmail.com');
INSERT INTO users (id, name, email) VALUES ('7847','Chandan Pr', 'chandan.hitinstru@gmail.com');
INSERT INTO users (id, name, email) VALUES ('7848','Devashish pr', 'devashish0046@gmail.com');
INSERT INTO users (id, name, email) VALUES ('7849','Gaurav Jaiswal', 'jaiswalgaurav7183@gmail.com');
INSERT INTO users (id, name, email) VALUES ('7850','Gaurav pr', 'gauravsingh181997@gmail.com');
INSERT INTO users (id, name, email) VALUES ('7851','Gopal Chandra pr', 'gyan0prakash0@gmail.com');
INSERT INTO users (id, name, email) VALUES ('7852','Himanshu Choubey Pr', 'himanshuchoubey823@gmail.com');
INSERT INTO users (id, name, email) VALUES ('7853','Himanshu Srivastava', 'himanshusr2000@gmail.com');
INSERT INTO users (id, name, email) VALUES ('7854','Janardhan pr', 'jpclsr@gmail.com');
INSERT INTO users (id, name, email) VALUES ('7855','Kartik pr', 'KARTIK.KARTIK11@GMAIL.COM');
INSERT INTO users (id, name, email) VALUES ('7856','Kishlay', 'kishlay111999@gmail.com');
INSERT INTO users (id, name, email) VALUES ('7857','Mohit pr', 'mohit05121997@gmail.com');
INSERT INTO users (id, name, email) VALUES ('7858','Mukund Dayal Pr (Mithun Naskar)', 'naskarmithun@gmail.com');
INSERT INTO users (id, name, email) VALUES ('7859','Nandakishore pr', 'nandkishore.cse.hit@gmail.com');
INSERT INTO users (id, name, email) VALUES ('7860','Neelmani pr', 'mani4neel98@gmail.com');
INSERT INTO users (id, name, email) VALUES ('7861','Nikhil pr', 'nikhilsaphal2000@gmail.com');
INSERT INTO users (id, name, email) VALUES ('7862','Nikhilesh Roy pr', 'nkr159357258@gmail.com');
INSERT INTO users (id, name, email) VALUES ('7863','Nilmadhava Pr', 'neelabhanand99@gmail.com');
INSERT INTO users (id, name, email) VALUES ('7864','Niraj Sah pr', 'topniraj@gmail.com');
INSERT INTO users (id, name, email) VALUES ('7865','Nishant Shekhar Pr', 'mailnishantshekhar@gmail.com');
INSERT INTO users (id, name, email) VALUES ('7866','Pankaj Dubey pr', 'pkdubey1998@gmail.com');
INSERT INTO users (id, name, email) VALUES ('7867','Pawan pandey pr', 'kintupandey93@gmail.com');
INSERT INTO users (id, name, email) VALUES ('7868','Prabhakar pr', 'Prabhakar.jha25021996@gmail.com');
INSERT INTO users (id, name, email) VALUES ('7869','Pramit pr', 'pramit.hit@gmail.com');
INSERT INTO users (id, name, email) VALUES ('7870','Praween', 'praween868@gmail.com');
INSERT INTO users (id, name, email) VALUES ('7871','Purushottam pr', 'puru.anand20@gmail.com');
INSERT INTO users (id, name, email) VALUES ('7872','Rajbardhan', 'raghurajbardhan123@gmail.com');
INSERT INTO users (id, name, email) VALUES ('7873','Rajiv soni', 'radharajivsoni@gmail.com');
INSERT INTO users (id, name, email) VALUES ('7874','Rakesh pr', 'rk51633@gmail.com');
INSERT INTO users (id, name, email) VALUES ('7875','Ranjit pr', 'krisranjit100@gmail.com');
INSERT INTO users (id, name, email) VALUES ('7876','Ravishankar kr pr', 'ravishankar.purnia@gmail.com');
INSERT INTO users (id, name, email) VALUES ('7877','Ravishankar prasad pr', 'ravish.prasad4300@gmail.com');
INSERT INTO users (id, name, email) VALUES ('7878','Rohit', 'rohit10081998@gmail.com');
INSERT INTO users (id, name, email) VALUES ('7879','Rupesh pr', 'kmrrupesh5@gmail.com');
INSERT INTO users (id, name, email) VALUES ('7880','Sagar pr', 'sagar.sgr09@gmail.com');
INSERT INTO users (id, name, email) VALUES ('7881','Satyabrat Mishra pr (Shibu)', 'sibumishra546@gmail.com');
INSERT INTO users (id, name, email) VALUES ('7882','Satyam Mishra pr', 'satyamkumar9245@gmail.com');
INSERT INTO users (id, name, email) VALUES ('7883','Satyam pr', 'satyamsingh.ss27@gmail.com');
INSERT INTO users (id, name, email) VALUES ('7884','Saurabh kr pr(Chem)', 'saurabhkumarojha123@gmail.com');
INSERT INTO users (id, name, email) VALUES ('7885','Saurav pr', 'saurav109677@gmail.com');
INSERT INTO users (id, name, email) VALUES ('7886','Sekhar suman pr', 'shkrsuman77@gmail.com');
INSERT INTO users (id, name, email) VALUES ('7887','Shailendra Singh pr', 'singh.shailendra949597@gmail.com');
INSERT INTO users (id, name, email) VALUES ('7888','Shailesh pr', 'shaileshchunnu008@gmail.com');
INSERT INTO users (id, name, email) VALUES ('7889','Shashank pr', 'shankykr1999@gmail.com');
INSERT INTO users (id, name, email) VALUES ('7890','Shubham Choudhary pr', 'sk969309@gmail.com');
INSERT INTO users (id, name, email) VALUES ('7891','Shyam pr', 'samlyt1915149@gmail.com');
INSERT INTO users (id, name, email) VALUES ('7892','Sivatma Gopinath Pr', 'shiv.ti@gmail.com');
INSERT INTO users (id, name, email) VALUES ('7893','Sonu pr', 'skdas931891@gmail.com');
INSERT INTO users (id, name, email) VALUES ('7894','Srikant pr', 'shreekantsingh511998@gmail.com');
INSERT INTO users (id, name, email) VALUES ('7895','Subha Krsna pr', 'shubhamkumarhit19@gmail.com');
INSERT INTO users (id, name, email) VALUES ('7896','Subham Chandra pr', 'subhamchandra597@gmail.com');
INSERT INTO users (id, name, email) VALUES ('7897','Subham Gupta', 'guptasubham175@gmail.com');
INSERT INTO users (id, name, email) VALUES ('7898','Sukumar pr', 'sukumar712702@gmail.com');
INSERT INTO users (id, name, email) VALUES ('7899','Suman vatsa', 'sumanvasta0@gmail.com');
INSERT INTO users (id, name, email) VALUES ('7900','Suraj pr Gaya', 'suraj.don10april@gmail.com');
INSERT INTO users (id, name, email) VALUES ('7901','Trideep pr', 'bunty.biswas547@gmail.com');
INSERT INTO users (id, name, email) VALUES ('7902','Varun pr', 'varun.idea21@gmail.com');
INSERT INTO users (id, name, email) VALUES ('7903','Veda Prakash pr', 'ved.divg@gmail.com');
INSERT INTO users (id, name, email) VALUES ('7904','Vikash pr', 'vikashkumar982141@gmail.com');
INSERT INTO users (id, name, email) VALUES ('7905','Vinay kr singh pr', 'vinay7121989@gmail.com');
INSERT INTO users (id, name, email) VALUES ('7906','Vinit pr', 'vinitkj15@gmail.com');
INSERT INTO users (id, name, email) VALUES ('7907','Vishal Singh Pr', 'vishal9sept@gmail.com');
INSERT INTO users (id, name, email) VALUES ('7908','Vivek pr Gaya', 'rsvjvivek@gmail.com');INSERT INTO meetings (id, date, meeting_name) VALUES ('30718','2023-07-18', 'Japa');INSERT INTO attendance (user, meeting, duration, status, inoutTime) VALUES (7822, 30718, null, 'ABSENT', 'null');
INSERT INTO attendance (user, meeting, duration, status, inoutTime) VALUES (7823, 30718, 95, 'PRESENT', ' 05:58:46 AM -  07:33:12 AM');
INSERT INTO attendance (user, meeting, duration, status, inoutTime) VALUES (7824, 30718, 57, 'PRESENT', ' 07:00:46 AM -  07:57:02 AM');
INSERT INTO attendance (user, meeting, duration, status, inoutTime) VALUES (7825, 30718, null, 'ABSENT', 'null');
INSERT INTO attendance (user, meeting, duration, status, inoutTime) VALUES (7826, 30718, null, 'ABSENT', 'null');
INSERT INTO attendance (user, meeting, duration, status, inoutTime) VALUES (7827, 30718, 128, 'PRESENT', ' 03:54:51 AM -  06:02:34 AM');
INSERT INTO attendance (user, meeting, duration, status, inoutTime) VALUES (7828, 30718, null, 'ABSENT', 'null');
INSERT INTO attendance (user, meeting, duration, status, inoutTime) VALUES (7829, 30718, 124, 'PRESENT', ' 06:39:21 AM -  08:43:14 AM');
INSERT INTO attendance (user, meeting, duration, status, inoutTime) VALUES (7830, 30718, 176, 'PRESENT', ' 05:04:26 AM -  08:00:18 AM');
INSERT INTO attendance (user, meeting, duration, status, inoutTime) VALUES (7831, 30718, null, 'ABSENT', 'null');
INSERT INTO attendance (user, meeting, duration, status, inoutTime) VALUES (7832, 30718, 64, 'PRESENT', ' 05:57:45 AM -  06:02:16 AM');
INSERT INTO attendance (user, meeting, duration, status, inoutTime) VALUES (7833, 30718, null, 'ABSENT', 'null');
INSERT INTO attendance (user, meeting, duration, status, inoutTime) VALUES (7834, 30718, null, 'ABSENT', 'null');
INSERT INTO attendance (user, meeting, duration, status, inoutTime) VALUES (7835, 30718, null, 'ABSENT', 'null');
INSERT INTO attendance (user, meeting, duration, status, inoutTime) VALUES (7836, 30718, 36, 'PRESENT', ' 04:33:29 AM -  05:09:27 AM');
INSERT INTO attendance (user, meeting, duration, status, inoutTime) VALUES (7837, 30718, null, 'ABSENT', 'null');
INSERT INTO attendance (user, meeting, duration, status, inoutTime) VALUES (7838, 30718, 136, 'PRESENT', ' 05:50:45 AM -  08:05:47 AM');
INSERT INTO attendance (user, meeting, duration, status, inoutTime) VALUES (7839, 30718, null, 'ABSENT', 'null');
INSERT INTO attendance (user, meeting, duration, status, inoutTime) VALUES (7840, 30718, null, 'ABSENT', 'null');
INSERT INTO attendance (user, meeting, duration, status, inoutTime) VALUES (7841, 30718, 96, 'PRESENT', ' 05:24:20 AM -  06:56:31 AM');
INSERT INTO attendance (user, meeting, duration, status, inoutTime) VALUES (7842, 30718, 46, 'PRESENT', ' 05:08:54 AM -  05:54:32 AM');
INSERT INTO attendance (user, meeting, duration, status, inoutTime) VALUES (7843, 30718, 127, 'PRESENT', ' 05:33:49 AM -  07:40:21 AM');
INSERT INTO attendance (user, meeting, duration, status, inoutTime) VALUES (7844, 30718, 75, 'PRESENT', ' 04:57:01 AM -  06:44:35 AM');
INSERT INTO attendance (user, meeting, duration, status, inoutTime) VALUES (7845, 30718, null, 'ABSENT', 'null');
INSERT INTO attendance (user, meeting, duration, status, inoutTime) VALUES (7846, 30718, 127, 'PRESENT', ' 05:04:26 AM -  07:26:33 AM');
INSERT INTO attendance (user, meeting, duration, status, inoutTime) VALUES (7847, 30718, null, 'ABSENT', 'null');
INSERT INTO attendance (user, meeting, duration, status, inoutTime) VALUES (7848, 30718, null, 'ABSENT', 'null');
INSERT INTO attendance (user, meeting, duration, status, inoutTime) VALUES (7849, 30718, null, 'ABSENT', 'null');
INSERT INTO attendance (user, meeting, duration, status, inoutTime) VALUES (7850, 30718, null, 'ABSENT', 'null');
INSERT INTO attendance (user, meeting, duration, status, inoutTime) VALUES (7851, 30718, 126, 'PRESENT', ' 05:20:53 AM -  07:26:09 AM');
INSERT INTO attendance (user, meeting, duration, status, inoutTime) VALUES (7852, 30718, null, 'ABSENT', 'null');
INSERT INTO attendance (user, meeting, duration, status, inoutTime) VALUES (7853, 30718, 116, 'PRESENT', ' 05:12:14 AM -  07:07:31 AM');
INSERT INTO attendance (user, meeting, duration, status, inoutTime) VALUES (7854, 30718, null, 'ABSENT', 'null');
INSERT INTO attendance (user, meeting, duration, status, inoutTime) VALUES (7855, 30718, null, 'ABSENT', 'null');
INSERT INTO attendance (user, meeting, duration, status, inoutTime) VALUES (7856, 30718, null, 'ABSENT', 'null');
INSERT INTO attendance (user, meeting, duration, status, inoutTime) VALUES (7857, 30718, null, 'ABSENT', 'null');
INSERT INTO attendance (user, meeting, duration, status, inoutTime) VALUES (7858, 30718, 2, 'PRESENT', ' 06:54:27 AM -  06:56:13 AM');
INSERT INTO attendance (user, meeting, duration, status, inoutTime) VALUES (7859, 30718, null, 'ABSENT', 'null');
INSERT INTO attendance (user, meeting, duration, status, inoutTime) VALUES (7860, 30718, null, 'ABSENT', 'null');
INSERT INTO attendance (user, meeting, duration, status, inoutTime) VALUES (7861, 30718, null, 'ABSENT', 'null');
INSERT INTO attendance (user, meeting, duration, status, inoutTime) VALUES (7862, 30718, null, 'ABSENT', 'null');
INSERT INTO attendance (user, meeting, duration, status, inoutTime) VALUES (7863, 30718, 123, 'PRESENT', ' 05:32:07 AM -  07:34:12 AM');
INSERT INTO attendance (user, meeting, duration, status, inoutTime) VALUES (7864, 30718, 82, 'PRESENT', ' 05:29:56 AM -  06:51:17 AM');
INSERT INTO attendance (user, meeting, duration, status, inoutTime) VALUES (7865, 30718, null, 'ABSENT', 'null');
INSERT INTO attendance (user, meeting, duration, status, inoutTime) VALUES (7866, 30718, null, 'ABSENT', 'null');
INSERT INTO attendance (user, meeting, duration, status, inoutTime) VALUES (7867, 30718, 63, 'PRESENT', ' 07:10:16 AM -  08:13:12 AM');
INSERT INTO attendance (user, meeting, duration, status, inoutTime) VALUES (7868, 30718, 72, 'PRESENT', ' 07:09:07 AM -  08:30:08 AM');
INSERT INTO attendance (user, meeting, duration, status, inoutTime) VALUES (7869, 30718, 134, 'PRESENT', ' 03:54:33 AM -  07:26:33 AM');
INSERT INTO attendance (user, meeting, duration, status, inoutTime) VALUES (7870, 30718, null, 'ABSENT', 'null');
INSERT INTO attendance (user, meeting, duration, status, inoutTime) VALUES (7871, 30718, 119, 'PRESENT', ' 05:25:36 AM -  07:24:17 AM');
INSERT INTO attendance (user, meeting, duration, status, inoutTime) VALUES (7872, 30718, null, 'ABSENT', 'null');
INSERT INTO attendance (user, meeting, duration, status, inoutTime) VALUES (7873, 30718, null, 'ABSENT', 'null');
INSERT INTO attendance (user, meeting, duration, status, inoutTime) VALUES (7874, 30718, null, 'ABSENT', 'null');
INSERT INTO attendance (user, meeting, duration, status, inoutTime) VALUES (7875, 30718, null, 'ABSENT', 'null');
INSERT INTO attendance (user, meeting, duration, status, inoutTime) VALUES (7876, 30718, 59, 'PRESENT', ' 04:41:22 AM -  05:39:53 AM');
INSERT INTO attendance (user, meeting, duration, status, inoutTime) VALUES (7877, 30718, 43, 'PRESENT', ' 06:38:17 AM -  07:20:35 AM');
INSERT INTO attendance (user, meeting, duration, status, inoutTime) VALUES (7878, 30718, null, 'ABSENT', 'null');
INSERT INTO attendance (user, meeting, duration, status, inoutTime) VALUES (7879, 30718, 50, 'PRESENT', ' 04:51:05 AM -  05:40:08 AM');
INSERT INTO attendance (user, meeting, duration, status, inoutTime) VALUES (7880, 30718, 77, 'PRESENT', ' 04:42:24 AM -  05:31:48 AM');
INSERT INTO attendance (user, meeting, duration, status, inoutTime) VALUES (7881, 30718, null, 'ABSENT', 'null');
INSERT INTO attendance (user, meeting, duration, status, inoutTime) VALUES (7882, 30718, null, 'ABSENT', 'null');
INSERT INTO attendance (user, meeting, duration, status, inoutTime) VALUES (7883, 30718, null, 'ABSENT', 'null');
INSERT INTO attendance (user, meeting, duration, status, inoutTime) VALUES (7884, 30718, 76, 'PRESENT', ' 05:44:56 AM -  07:00:00 AM');
INSERT INTO attendance (user, meeting, duration, status, inoutTime) VALUES (7885, 30718, 35, 'PRESENT', ' 05:22:26 AM -  05:56:56 AM');
INSERT INTO attendance (user, meeting, duration, status, inoutTime) VALUES (7886, 30718, null, 'ABSENT', 'null');
INSERT INTO attendance (user, meeting, duration, status, inoutTime) VALUES (7887, 30718, 34, 'PRESENT', ' 04:56:25 AM -  05:29:28 AM');
INSERT INTO attendance (user, meeting, duration, status, inoutTime) VALUES (7888, 30718, null, 'ABSENT', 'null');
INSERT INTO attendance (user, meeting, duration, status, inoutTime) VALUES (7889, 30718, null, 'ABSENT', 'null');
INSERT INTO attendance (user, meeting, duration, status, inoutTime) VALUES (7890, 30718, null, 'ABSENT', 'null');
INSERT INTO attendance (user, meeting, duration, status, inoutTime) VALUES (7891, 30718, null, 'ABSENT', 'null');
INSERT INTO attendance (user, meeting, duration, status, inoutTime) VALUES (7892, 30718, 45, 'PRESENT', ' 05:53:04 AM -  06:37:38 AM');
INSERT INTO attendance (user, meeting, duration, status, inoutTime) VALUES (7893, 30718, null, 'ABSENT', 'null');
INSERT INTO attendance (user, meeting, duration, status, inoutTime) VALUES (7894, 30718, 2, 'PRESENT', ' 05:59:01 AM -  06:00:28 AM');
INSERT INTO attendance (user, meeting, duration, status, inoutTime) VALUES (7895, 30718, 81, 'PRESENT', ' 06:18:57 AM -  07:39:24 AM');
INSERT INTO attendance (user, meeting, duration, status, inoutTime) VALUES (7896, 30718, 119, 'PRESENT', ' 05:34:28 AM -  07:32:30 AM');
INSERT INTO attendance (user, meeting, duration, status, inoutTime) VALUES (7897, 30718, null, 'ABSENT', 'null');
INSERT INTO attendance (user, meeting, duration, status, inoutTime) VALUES (7898, 30718, 65, 'PRESENT', ' 05:42:29 AM -  06:47:25 AM');
INSERT INTO attendance (user, meeting, duration, status, inoutTime) VALUES (7899, 30718, null, 'ABSENT', 'null');
INSERT INTO attendance (user, meeting, duration, status, inoutTime) VALUES (7900, 30718, null, 'ABSENT', 'null');
INSERT INTO attendance (user, meeting, duration, status, inoutTime) VALUES (7901, 30718, 96, 'PRESENT', ' 06:48:56 AM -  08:23:59 AM');
INSERT INTO attendance (user, meeting, duration, status, inoutTime) VALUES (7902, 30718, null, 'ABSENT', 'null');
INSERT INTO attendance (user, meeting, duration, status, inoutTime) VALUES (7903, 30718, null, 'ABSENT', 'null');
INSERT INTO attendance (user, meeting, duration, status, inoutTime) VALUES (7904, 30718, null, 'ABSENT', 'null');
INSERT INTO attendance (user, meeting, duration, status, inoutTime) VALUES (7905, 30718, null, 'ABSENT', 'null');
INSERT INTO attendance (user, meeting, duration, status, inoutTime) VALUES (7906, 30718, null, 'ABSENT', 'null');
INSERT INTO attendance (user, meeting, duration, status, inoutTime) VALUES (7907, 30718, 36, 'PRESENT', ' 05:57:18 AM -  06:33:00 AM');
INSERT INTO attendance (user, meeting, duration, status, inoutTime) VALUES (7908, 30718, 20, 'PRESENT', ' 06:35:18 AM -  06:55:17 AM');INSERT INTO users (id, name, email) VALUES ('7909','Abhishek Ananda IC pr', 'aanand5892@gmail.com');
INSERT INTO users (id, name, email) VALUES ('7910','Abhishek jha', 'abhishekjharoushan@gmail.com');
INSERT INTO users (id, name, email) VALUES ('7911','Abhishek Kr EE pr', 'abk8537@gmail.com');
INSERT INTO users (id, name, email) VALUES ('7912','Abhishek Pandey pr', 'abhishek80.a2s@gmail.com');
INSERT INTO users (id, name, email) VALUES ('7913','Abhishek pr Nawada', 'ak7268901@gmail.com');
INSERT INTO users (id, name, email) VALUES ('7914','Abhoy pr', 'abhoysaha1@gmail.com');
INSERT INTO users (id, name, email) VALUES ('7915','Ajay pr', 'call.ajay21@gmail.com');
INSERT INTO users (id, name, email) VALUES ('7916','Ajay pr(Mech)', 'ajay41707@gmail.com');
INSERT INTO users (id, name, email) VALUES ('7917','Ajeet pr', 'ajeetajeethemant@gmail.com');
INSERT INTO users (id, name, email) VALUES ('7918','Akash pr (Akarsak Srihari Pr)', 'akashkr930487@gmail.com');
INSERT INTO users (id, name, email) VALUES ('7919','Aman Jha', 'ajha9608@gmail.com');
INSERT INTO users (id, name, email) VALUES ('7920','Amit Raj pr', 'amitraj581@gmail.com');
INSERT INTO users (id, name, email) VALUES ('7921','Animesh pr', 'animeshmonty@gmail.com');
INSERT INTO users (id, name, email) VALUES ('7922','Ankush pr', 'kumarankush6200@gmail.com');
INSERT INTO users (id, name, email) VALUES ('7923','Anshu pr', 'anshuk1510@gmail.com');
INSERT INTO users (id, name, email) VALUES ('7924','Ashish pr', 'akg9023@gmail.com');
INSERT INTO users (id, name, email) VALUES ('7925','Atul pr', 'atulkumar15jan@gmail.com');
INSERT INTO users (id, name, email) VALUES ('7926','Atul Singh', 'atulsingh.asn@gmail.com');
INSERT INTO users (id, name, email) VALUES ('7927','Avinash pr', 'abinashshaw16@gmail.com');
INSERT INTO users (id, name, email) VALUES ('7928','Avishek Raj (Raja pr)', 'ars.raja23@gmail.com');
INSERT INTO users (id, name, email) VALUES ('7929','Balmukand pr', 'mishrabm96@gmail.com');
INSERT INTO users (id, name, email) VALUES ('7930','Bhanu pr', 'bhanupratapsingh1380@gmail.com');
INSERT INTO users (id, name, email) VALUES ('7931','Bhaskar Anand pr', 'bhskranand561@gmail.com');
INSERT INTO users (id, name, email) VALUES ('7932','BiswajIt pr', 'biswajitrowani@gmail.com');
INSERT INTO users (id, name, email) VALUES ('7933','Brahmanand pr', 'brahmanandamahato@gmail.com');
INSERT INTO users (id, name, email) VALUES ('7934','Chandan Pr', 'chandan.hitinstru@gmail.com');
INSERT INTO users (id, name, email) VALUES ('7935','Devashish pr', 'devashish0046@gmail.com');
INSERT INTO users (id, name, email) VALUES ('7936','Gaurav Jaiswal', 'jaiswalgaurav7183@gmail.com');
INSERT INTO users (id, name, email) VALUES ('7937','Gaurav pr', 'gauravsingh181997@gmail.com');
INSERT INTO users (id, name, email) VALUES ('7938','Gopal Chandra pr', 'gyan0prakash0@gmail.com');
INSERT INTO users (id, name, email) VALUES ('7939','Himanshu Choubey Pr', 'himanshuchoubey823@gmail.com');
INSERT INTO users (id, name, email) VALUES ('7940','Himanshu Srivastava', 'himanshusr2000@gmail.com');
INSERT INTO users (id, name, email) VALUES ('7941','Janardhan pr', 'jpclsr@gmail.com');
INSERT INTO users (id, name, email) VALUES ('7942','Kartik pr', 'KARTIK.KARTIK11@GMAIL.COM');
INSERT INTO users (id, name, email) VALUES ('7943','Kishlay', 'kishlay111999@gmail.com');
INSERT INTO users (id, name, email) VALUES ('7944','Mohit pr', 'mohit05121997@gmail.com');
INSERT INTO users (id, name, email) VALUES ('7945','Mukund Dayal Pr (Mithun Naskar)', 'naskarmithun@gmail.com');
INSERT INTO users (id, name, email) VALUES ('7946','Nandakishore pr', 'nandkishore.cse.hit@gmail.com');
INSERT INTO users (id, name, email) VALUES ('7947','Neelmani pr', 'mani4neel98@gmail.com');
INSERT INTO users (id, name, email) VALUES ('7948','Nikhil pr', 'nikhilsaphal2000@gmail.com');
INSERT INTO users (id, name, email) VALUES ('7949','Nikhilesh Roy pr', 'nkr159357258@gmail.com');
INSERT INTO users (id, name, email) VALUES ('7950','Nilmadhava Pr', 'neelabhanand99@gmail.com');
INSERT INTO users (id, name, email) VALUES ('7951','Niraj Sah pr', 'topniraj@gmail.com');
INSERT INTO users (id, name, email) VALUES ('7952','Nishant Shekhar Pr', 'mailnishantshekhar@gmail.com');
INSERT INTO users (id, name, email) VALUES ('7953','Pankaj Dubey pr', 'pkdubey1998@gmail.com');
INSERT INTO users (id, name, email) VALUES ('7954','Pawan pandey pr', 'kintupandey93@gmail.com');
INSERT INTO users (id, name, email) VALUES ('7955','Prabhakar pr', 'Prabhakar.jha25021996@gmail.com');
INSERT INTO users (id, name, email) VALUES ('7956','Pramit pr', 'pramit.hit@gmail.com');
INSERT INTO users (id, name, email) VALUES ('7957','Praween', 'praween868@gmail.com');
INSERT INTO users (id, name, email) VALUES ('7958','Purushottam pr', 'puru.anand20@gmail.com');
INSERT INTO users (id, name, email) VALUES ('7959','Rajbardhan', 'raghurajbardhan123@gmail.com');
INSERT INTO users (id, name, email) VALUES ('7960','Rajiv soni', 'radharajivsoni@gmail.com');
INSERT INTO users (id, name, email) VALUES ('7961','Rakesh pr', 'rk51633@gmail.com');
INSERT INTO users (id, name, email) VALUES ('7962','Ranjit pr', 'krisranjit100@gmail.com');
INSERT INTO users (id, name, email) VALUES ('7963','Ravishankar kr pr', 'ravishankar.purnia@gmail.com');
INSERT INTO users (id, name, email) VALUES ('7964','Ravishankar prasad pr', 'ravish.prasad4300@gmail.com');
INSERT INTO users (id, name, email) VALUES ('7965','Rohit', 'rohit10081998@gmail.com');
INSERT INTO users (id, name, email) VALUES ('7966','Rupesh pr', 'kmrrupesh5@gmail.com');
INSERT INTO users (id, name, email) VALUES ('7967','Sagar pr', 'sagar.sgr09@gmail.com');
INSERT INTO users (id, name, email) VALUES ('7968','Satyabrat Mishra pr (Shibu)', 'sibumishra546@gmail.com');
INSERT INTO users (id, name, email) VALUES ('7969','Satyam Mishra pr', 'satyamkumar9245@gmail.com');
INSERT INTO users (id, name, email) VALUES ('7970','Satyam pr', 'satyamsingh.ss27@gmail.com');
INSERT INTO users (id, name, email) VALUES ('7971','Saurabh kr pr(Chem)', 'saurabhkumarojha123@gmail.com');
INSERT INTO users (id, name, email) VALUES ('7972','Saurav pr', 'saurav109677@gmail.com');
INSERT INTO users (id, name, email) VALUES ('7973','Sekhar suman pr', 'shkrsuman77@gmail.com');
INSERT INTO users (id, name, email) VALUES ('7974','Shailendra Singh pr', 'singh.shailendra949597@gmail.com');
INSERT INTO users (id, name, email) VALUES ('7975','Shailesh pr', 'shaileshchunnu008@gmail.com');
INSERT INTO users (id, name, email) VALUES ('7976','Shashank pr', 'shankykr1999@gmail.com');
INSERT INTO users (id, name, email) VALUES ('7977','Shubham Choudhary pr', 'sk969309@gmail.com');
INSERT INTO users (id, name, email) VALUES ('7978','Shyam pr', 'samlyt1915149@gmail.com');
INSERT INTO users (id, name, email) VALUES ('7979','Sivatma Gopinath Pr', 'shiv.ti@gmail.com');
INSERT INTO users (id, name, email) VALUES ('7980','Sonu pr', 'skdas931891@gmail.com');
INSERT INTO users (id, name, email) VALUES ('7981','Srikant pr', 'shreekantsingh511998@gmail.com');
INSERT INTO users (id, name, email) VALUES ('7982','Subha Krsna pr', 'shubhamkumarhit19@gmail.com');
INSERT INTO users (id, name, email) VALUES ('7983','Subham Chandra pr', 'subhamchandra597@gmail.com');
INSERT INTO users (id, name, email) VALUES ('7984','Subham Gupta', 'guptasubham175@gmail.com');
INSERT INTO users (id, name, email) VALUES ('7985','Sukumar pr', 'sukumar712702@gmail.com');
INSERT INTO users (id, name, email) VALUES ('7986','Suman vatsa', 'sumanvasta0@gmail.com');
INSERT INTO users (id, name, email) VALUES ('7987','Suraj pr Gaya', 'suraj.don10april@gmail.com');
INSERT INTO users (id, name, email) VALUES ('7988','Trideep pr', 'bunty.biswas547@gmail.com');
INSERT INTO users (id, name, email) VALUES ('7989','Varun pr', 'varun.idea21@gmail.com');
INSERT INTO users (id, name, email) VALUES ('7990','Veda Prakash pr', 'ved.divg@gmail.com');
INSERT INTO users (id, name, email) VALUES ('7991','Vikash pr', 'vikashkumar982141@gmail.com');
INSERT INTO users (id, name, email) VALUES ('7992','Vinay kr singh pr', 'vinay7121989@gmail.com');
INSERT INTO users (id, name, email) VALUES ('7993','Vinit pr', 'vinitkj15@gmail.com');
INSERT INTO users (id, name, email) VALUES ('7994','Vishal Singh Pr', 'vishal9sept@gmail.com');
INSERT INTO users (id, name, email) VALUES ('7995','Vivek pr Gaya', 'rsvjvivek@gmail.com');INSERT INTO meetings (id, date, meeting_name) VALUES ('30719','2023-07-19', 'Japa');INSERT INTO attendance (user, meeting, duration, status, inoutTime) VALUES (7909, 30719, null, 'ABSENT', 'null');
INSERT INTO attendance (user, meeting, duration, status, inoutTime) VALUES (7910, 30719, 89, 'PRESENT', ' 06:30:45 AM -  07:59:12 AM');
INSERT INTO attendance (user, meeting, duration, status, inoutTime) VALUES (7911, 30719, 43, 'PRESENT', ' 07:14:49 AM -  07:57:04 AM');
INSERT INTO attendance (user, meeting, duration, status, inoutTime) VALUES (7912, 30719, null, 'ABSENT', 'null');
INSERT INTO attendance (user, meeting, duration, status, inoutTime) VALUES (7913, 30719, null, 'ABSENT', 'null');
INSERT INTO attendance (user, meeting, duration, status, inoutTime) VALUES (7914, 30719, 127, 'PRESENT', ' 03:33:11 AM -  05:39:38 AM');
INSERT INTO attendance (user, meeting, duration, status, inoutTime) VALUES (7915, 30719, null, 'ABSENT', 'null');
INSERT INTO attendance (user, meeting, duration, status, inoutTime) VALUES (7916, 30719, 71, 'PRESENT', ' 06:48:44 AM -  07:59:12 AM');
INSERT INTO attendance (user, meeting, duration, status, inoutTime) VALUES (7917, 30719, null, 'ABSENT', 'null');
INSERT INTO attendance (user, meeting, duration, status, inoutTime) VALUES (7918, 30719, null, 'ABSENT', 'null');
INSERT INTO attendance (user, meeting, duration, status, inoutTime) VALUES (7919, 30719, 39, 'PRESENT', ' 05:54:41 AM -  06:33:22 AM');
INSERT INTO attendance (user, meeting, duration, status, inoutTime) VALUES (7920, 30719, 107, 'PRESENT', ' 06:12:18 AM -  07:59:14 AM');
INSERT INTO attendance (user, meeting, duration, status, inoutTime) VALUES (7921, 30719, null, 'ABSENT', 'null');
INSERT INTO attendance (user, meeting, duration, status, inoutTime) VALUES (7922, 30719, 71, 'PRESENT', ' 06:48:28 AM -  07:59:12 AM');
INSERT INTO attendance (user, meeting, duration, status, inoutTime) VALUES (7923, 30719, 31, 'PRESENT', ' 04:37:57 AM -  05:08:17 AM');
INSERT INTO attendance (user, meeting, duration, status, inoutTime) VALUES (7924, 30719, null, 'ABSENT', 'null');
INSERT INTO attendance (user, meeting, duration, status, inoutTime) VALUES (7925, 30719, 66, 'PRESENT', ' 06:53:24 AM -  07:59:12 AM');
INSERT INTO attendance (user, meeting, duration, status, inoutTime) VALUES (7926, 30719, 34, 'PRESENT', ' 07:25:46 AM -  07:59:11 AM');
INSERT INTO attendance (user, meeting, duration, status, inoutTime) VALUES (7927, 30719, null, 'ABSENT', 'null');
INSERT INTO attendance (user, meeting, duration, status, inoutTime) VALUES (7928, 30719, 160, 'PRESENT', ' 05:03:59 AM -  07:42:37 AM');
INSERT INTO attendance (user, meeting, duration, status, inoutTime) VALUES (7929, 30719, 83, 'PRESENT', ' 04:48:17 AM -  06:10:37 AM');
INSERT INTO attendance (user, meeting, duration, status, inoutTime) VALUES (7930, 30719, 114, 'PRESENT', ' 05:55:59 AM -  07:49:37 AM');
INSERT INTO attendance (user, meeting, duration, status, inoutTime) VALUES (7931, 30719, 55, 'PRESENT', ' 04:59:20 AM -  06:21:12 AM');
INSERT INTO attendance (user, meeting, duration, status, inoutTime) VALUES (7932, 30719, null, 'ABSENT', 'null');
INSERT INTO attendance (user, meeting, duration, status, inoutTime) VALUES (7933, 30719, null, 'ABSENT', 'null');
INSERT INTO attendance (user, meeting, duration, status, inoutTime) VALUES (7934, 30719, null, 'ABSENT', 'null');
INSERT INTO attendance (user, meeting, duration, status, inoutTime) VALUES (7935, 30719, null, 'ABSENT', 'null');
INSERT INTO attendance (user, meeting, duration, status, inoutTime) VALUES (7936, 30719, null, 'ABSENT', 'null');
INSERT INTO attendance (user, meeting, duration, status, inoutTime) VALUES (7937, 30719, null, 'ABSENT', 'null');
INSERT INTO attendance (user, meeting, duration, status, inoutTime) VALUES (7938, 30719, 121, 'PRESENT', ' 05:22:39 AM -  07:22:54 AM');
INSERT INTO attendance (user, meeting, duration, status, inoutTime) VALUES (7939, 30719, null, 'ABSENT', 'null');
INSERT INTO attendance (user, meeting, duration, status, inoutTime) VALUES (7940, 30719, 129, 'PRESENT', ' 05:42:41 AM -  07:50:55 AM');
INSERT INTO attendance (user, meeting, duration, status, inoutTime) VALUES (7941, 30719, null, 'ABSENT', 'null');
INSERT INTO attendance (user, meeting, duration, status, inoutTime) VALUES (7942, 30719, null, 'ABSENT', 'null');
INSERT INTO attendance (user, meeting, duration, status, inoutTime) VALUES (7943, 30719, null, 'ABSENT', 'null');
INSERT INTO attendance (user, meeting, duration, status, inoutTime) VALUES (7944, 30719, null, 'ABSENT', 'null');
INSERT INTO attendance (user, meeting, duration, status, inoutTime) VALUES (7945, 30719, null, 'ABSENT', 'null');
INSERT INTO attendance (user, meeting, duration, status, inoutTime) VALUES (7946, 30719, null, 'ABSENT', 'null');
INSERT INTO attendance (user, meeting, duration, status, inoutTime) VALUES (7947, 30719, null, 'ABSENT', 'null');
INSERT INTO attendance (user, meeting, duration, status, inoutTime) VALUES (7948, 30719, null, 'ABSENT', 'null');
INSERT INTO attendance (user, meeting, duration, status, inoutTime) VALUES (7949, 30719, 63, 'PRESENT', ' 06:56:41 AM -  07:59:12 AM');
INSERT INTO attendance (user, meeting, duration, status, inoutTime) VALUES (7950, 30719, 126, 'PRESENT', ' 05:31:30 AM -  07:37:02 AM');
INSERT INTO attendance (user, meeting, duration, status, inoutTime) VALUES (7951, 30719, 38, 'PRESENT', ' 06:24:00 AM -  07:01:14 AM');
INSERT INTO attendance (user, meeting, duration, status, inoutTime) VALUES (7952, 30719, null, 'ABSENT', 'null');
INSERT INTO attendance (user, meeting, duration, status, inoutTime) VALUES (7953, 30719, null, 'ABSENT', 'null');
INSERT INTO attendance (user, meeting, duration, status, inoutTime) VALUES (7954, 30719, null, 'ABSENT', 'null');
INSERT INTO attendance (user, meeting, duration, status, inoutTime) VALUES (7955, 30719, 101, 'PRESENT', ' 06:16:37 AM -  07:56:38 AM');
INSERT INTO attendance (user, meeting, duration, status, inoutTime) VALUES (7956, 30719, null, 'ABSENT', 'null');
INSERT INTO attendance (user, meeting, duration, status, inoutTime) VALUES (7957, 30719, 42, 'PRESENT', ' 06:39:38 AM -  07:21:38 AM');
INSERT INTO attendance (user, meeting, duration, status, inoutTime) VALUES (7958, 30719, 65, 'PRESENT', ' 06:01:07 AM -  07:05:21 AM');
INSERT INTO attendance (user, meeting, duration, status, inoutTime) VALUES (7959, 30719, 81, 'PRESENT', ' 05:17:19 AM -  06:37:35 AM');
INSERT INTO attendance (user, meeting, duration, status, inoutTime) VALUES (7960, 30719, null, 'ABSENT', 'null');
INSERT INTO attendance (user, meeting, duration, status, inoutTime) VALUES (7961, 30719, null, 'ABSENT', 'null');
INSERT INTO attendance (user, meeting, duration, status, inoutTime) VALUES (7962, 30719, 81, 'PRESENT', ' 06:34:12 AM -  07:54:33 AM');
INSERT INTO attendance (user, meeting, duration, status, inoutTime) VALUES (7963, 30719, 64, 'PRESENT', ' 04:30:50 AM -  05:33:55 AM');
INSERT INTO attendance (user, meeting, duration, status, inoutTime) VALUES (7964, 30719, 34, 'PRESENT', ' 06:47:06 AM -  07:20:55 AM');
INSERT INTO attendance (user, meeting, duration, status, inoutTime) VALUES (7965, 30719, null, 'ABSENT', 'null');
INSERT INTO attendance (user, meeting, duration, status, inoutTime) VALUES (7966, 30719, 83, 'PRESENT', ' 05:14:55 AM -  06:37:01 AM');
INSERT INTO attendance (user, meeting, duration, status, inoutTime) VALUES (7967, 30719, null, 'ABSENT', 'null');
INSERT INTO attendance (user, meeting, duration, status, inoutTime) VALUES (7968, 30719, null, 'ABSENT', 'null');
INSERT INTO attendance (user, meeting, duration, status, inoutTime) VALUES (7969, 30719, null, 'ABSENT', 'null');
INSERT INTO attendance (user, meeting, duration, status, inoutTime) VALUES (7970, 30719, null, 'ABSENT', 'null');
INSERT INTO attendance (user, meeting, duration, status, inoutTime) VALUES (7971, 30719, null, 'ABSENT', 'null');
INSERT INTO attendance (user, meeting, duration, status, inoutTime) VALUES (7972, 30719, 49, 'PRESENT', ' 05:46:19 AM -  06:34:40 AM');
INSERT INTO attendance (user, meeting, duration, status, inoutTime) VALUES (7973, 30719, null, 'ABSENT', 'null');
INSERT INTO attendance (user, meeting, duration, status, inoutTime) VALUES (7974, 30719, 22, 'PRESENT', ' 05:06:51 AM -  05:27:33 AM');
INSERT INTO attendance (user, meeting, duration, status, inoutTime) VALUES (7975, 30719, 68, 'PRESENT', ' 06:51:28 AM -  07:59:12 AM');
INSERT INTO attendance (user, meeting, duration, status, inoutTime) VALUES (7976, 30719, null, 'ABSENT', 'null');
INSERT INTO attendance (user, meeting, duration, status, inoutTime) VALUES (7977, 30719, 78, 'PRESENT', ' 06:41:48 AM -  07:59:12 AM');
INSERT INTO attendance (user, meeting, duration, status, inoutTime) VALUES (7978, 30719, null, 'ABSENT', 'null');
INSERT INTO attendance (user, meeting, duration, status, inoutTime) VALUES (7979, 30719, 22, 'PRESENT', ' 06:18:06 AM -  06:39:26 AM');
INSERT INTO attendance (user, meeting, duration, status, inoutTime) VALUES (7980, 30719, null, 'ABSENT', 'null');
INSERT INTO attendance (user, meeting, duration, status, inoutTime) VALUES (7981, 30719, 3, 'PRESENT', ' 05:14:01 AM -  06:31:27 AM');
INSERT INTO attendance (user, meeting, duration, status, inoutTime) VALUES (7982, 30719, null, 'ABSENT', 'null');
INSERT INTO attendance (user, meeting, duration, status, inoutTime) VALUES (7983, 30719, null, 'ABSENT', 'null');
INSERT INTO attendance (user, meeting, duration, status, inoutTime) VALUES (7984, 30719, null, 'ABSENT', 'null');
INSERT INTO attendance (user, meeting, duration, status, inoutTime) VALUES (7985, 30719, 65, 'PRESENT', ' 06:13:25 AM -  07:18:00 AM');
INSERT INTO attendance (user, meeting, duration, status, inoutTime) VALUES (7986, 30719, 43, 'PRESENT', ' 06:33:42 AM -  07:16:23 AM');
INSERT INTO attendance (user, meeting, duration, status, inoutTime) VALUES (7987, 30719, null, 'ABSENT', 'null');
INSERT INTO attendance (user, meeting, duration, status, inoutTime) VALUES (7988, 30719, 68, 'PRESENT', ' 06:14:27 AM -  07:21:45 AM');
INSERT INTO attendance (user, meeting, duration, status, inoutTime) VALUES (7989, 30719, null, 'ABSENT', 'null');
INSERT INTO attendance (user, meeting, duration, status, inoutTime) VALUES (7990, 30719, null, 'ABSENT', 'null');
INSERT INTO attendance (user, meeting, duration, status, inoutTime) VALUES (7991, 30719, null, 'ABSENT', 'null');
INSERT INTO attendance (user, meeting, duration, status, inoutTime) VALUES (7992, 30719, null, 'ABSENT', 'null');
INSERT INTO attendance (user, meeting, duration, status, inoutTime) VALUES (7993, 30719, null, 'ABSENT', 'null');
INSERT INTO attendance (user, meeting, duration, status, inoutTime) VALUES (7994, 30719, 42, 'PRESENT', ' 05:48:11 AM -  06:29:49 AM');
INSERT INTO attendance (user, meeting, duration, status, inoutTime) VALUES (7995, 30719, 80, 'PRESENT', ' 05:29:52 AM -  06:48:53 AM');INSERT INTO users (id, name, email) VALUES ('7996','Abhishek Ananda IC pr', 'aanand5892@gmail.com');
INSERT INTO users (id, name, email) VALUES ('7997','Abhishek jha', 'abhishekjharoushan@gmail.com');
INSERT INTO users (id, name, email) VALUES ('7998','Abhishek Kr EE pr', 'abk8537@gmail.com');
INSERT INTO users (id, name, email) VALUES ('7999','Abhishek Pandey pr', 'abhishek80.a2s@gmail.com');
INSERT INTO users (id, name, email) VALUES ('8000','Abhishek pr Nawada', 'ak7268901@gmail.com');
INSERT INTO users (id, name, email) VALUES ('8001','Abhoy pr', 'abhoysaha1@gmail.com');
INSERT INTO users (id, name, email) VALUES ('8002','Ajay pr', 'call.ajay21@gmail.com');
INSERT INTO users (id, name, email) VALUES ('8003','Ajay pr(Mech)', 'ajay41707@gmail.com');
INSERT INTO users (id, name, email) VALUES ('8004','Ajeet pr', 'ajeetajeethemant@gmail.com');
INSERT INTO users (id, name, email) VALUES ('8005','Akash pr (Akarsak Srihari Pr)', 'akashkr930487@gmail.com');
INSERT INTO users (id, name, email) VALUES ('8006','Aman Jha', 'ajha9608@gmail.com');
INSERT INTO users (id, name, email) VALUES ('8007','Amit Raj pr', 'amitraj581@gmail.com');
INSERT INTO users (id, name, email) VALUES ('8008','Animesh pr', 'animeshmonty@gmail.com');
INSERT INTO users (id, name, email) VALUES ('8009','Ankush pr', 'kumarankush6200@gmail.com');
INSERT INTO users (id, name, email) VALUES ('8010','Anshu pr', 'anshuk1510@gmail.com');
INSERT INTO users (id, name, email) VALUES ('8011','Ashish pr', 'akg9023@gmail.com');
INSERT INTO users (id, name, email) VALUES ('8012','Atul pr', 'atulkumar15jan@gmail.com');
INSERT INTO users (id, name, email) VALUES ('8013','Atul Singh', 'atulsingh.asn@gmail.com');
INSERT INTO users (id, name, email) VALUES ('8014','Avinash pr', 'abinashshaw16@gmail.com');
INSERT INTO users (id, name, email) VALUES ('8015','Avishek Raj (Raja pr)', 'ars.raja23@gmail.com');
INSERT INTO users (id, name, email) VALUES ('8016','Balmukand pr', 'mishrabm96@gmail.com');
INSERT INTO users (id, name, email) VALUES ('8017','Bhanu pr', 'bhanupratapsingh1380@gmail.com');
INSERT INTO users (id, name, email) VALUES ('8018','Bhaskar Anand pr', 'bhskranand561@gmail.com');
INSERT INTO users (id, name, email) VALUES ('8019','BiswajIt pr', 'biswajitrowani@gmail.com');
INSERT INTO users (id, name, email) VALUES ('8020','Brahmanand pr', 'brahmanandamahato@gmail.com');
INSERT INTO users (id, name, email) VALUES ('8021','Chandan Pr', 'chandan.hitinstru@gmail.com');
INSERT INTO users (id, name, email) VALUES ('8022','Devashish pr', 'devashish0046@gmail.com');
INSERT INTO users (id, name, email) VALUES ('8023','Gaurav Jaiswal', 'jaiswalgaurav7183@gmail.com');
INSERT INTO users (id, name, email) VALUES ('8024','Gaurav pr', 'gauravsingh181997@gmail.com');
INSERT INTO users (id, name, email) VALUES ('8025','Gopal Chandra pr', 'gyan0prakash0@gmail.com');
INSERT INTO users (id, name, email) VALUES ('8026','Himanshu Choubey Pr', 'himanshuchoubey823@gmail.com');
INSERT INTO users (id, name, email) VALUES ('8027','Himanshu Srivastava', 'himanshusr2000@gmail.com');
INSERT INTO users (id, name, email) VALUES ('8028','Janardhan pr', 'jpclsr@gmail.com');
INSERT INTO users (id, name, email) VALUES ('8029','Kartik pr', 'KARTIK.KARTIK11@GMAIL.COM');
INSERT INTO users (id, name, email) VALUES ('8030','Kishlay', 'kishlay111999@gmail.com');
INSERT INTO users (id, name, email) VALUES ('8031','Mohit pr', 'mohit05121997@gmail.com');
INSERT INTO users (id, name, email) VALUES ('8032','Mukund Dayal Pr (Mithun Naskar)', 'naskarmithun@gmail.com');
INSERT INTO users (id, name, email) VALUES ('8033','Nandakishore pr', 'nandkishore.cse.hit@gmail.com');
INSERT INTO users (id, name, email) VALUES ('8034','Neelmani pr', 'mani4neel98@gmail.com');
INSERT INTO users (id, name, email) VALUES ('8035','Nikhil pr', 'nikhilsaphal2000@gmail.com');
INSERT INTO users (id, name, email) VALUES ('8036','Nikhilesh Roy pr', 'nkr159357258@gmail.com');
INSERT INTO users (id, name, email) VALUES ('8037','Nilmadhava Pr', 'neelabhanand99@gmail.com');
INSERT INTO users (id, name, email) VALUES ('8038','Niraj Sah pr', 'topniraj@gmail.com');
INSERT INTO users (id, name, email) VALUES ('8039','Nishant Shekhar Pr', 'mailnishantshekhar@gmail.com');
INSERT INTO users (id, name, email) VALUES ('8040','Pankaj Dubey pr', 'pkdubey1998@gmail.com');
INSERT INTO users (id, name, email) VALUES ('8041','Pawan pandey pr', 'kintupandey93@gmail.com');
INSERT INTO users (id, name, email) VALUES ('8042','Prabhakar pr', 'Prabhakar.jha25021996@gmail.com');
INSERT INTO users (id, name, email) VALUES ('8043','Pramit pr', 'pramit.hit@gmail.com');
INSERT INTO users (id, name, email) VALUES ('8044','Praween', 'praween868@gmail.com');
INSERT INTO users (id, name, email) VALUES ('8045','Purushottam pr', 'puru.anand20@gmail.com');
INSERT INTO users (id, name, email) VALUES ('8046','Rajbardhan', 'raghurajbardhan123@gmail.com');
INSERT INTO users (id, name, email) VALUES ('8047','Rajiv soni', 'radharajivsoni@gmail.com');
INSERT INTO users (id, name, email) VALUES ('8048','Rakesh pr', 'rk51633@gmail.com');
INSERT INTO users (id, name, email) VALUES ('8049','Ranjit pr', 'krisranjit100@gmail.com');
INSERT INTO users (id, name, email) VALUES ('8050','Ravishankar kr pr', 'ravishankar.purnia@gmail.com');
INSERT INTO users (id, name, email) VALUES ('8051','Ravishankar prasad pr', 'ravish.prasad4300@gmail.com');
INSERT INTO users (id, name, email) VALUES ('8052','Rohit', 'rohit10081998@gmail.com');
INSERT INTO users (id, name, email) VALUES ('8053','Rupesh pr', 'kmrrupesh5@gmail.com');
INSERT INTO users (id, name, email) VALUES ('8054','Sagar pr', 'sagar.sgr09@gmail.com');
INSERT INTO users (id, name, email) VALUES ('8055','Satyabrat Mishra pr (Shibu)', 'sibumishra546@gmail.com');
INSERT INTO users (id, name, email) VALUES ('8056','Satyam Mishra pr', 'satyamkumar9245@gmail.com');
INSERT INTO users (id, name, email) VALUES ('8057','Satyam pr', 'satyamsingh.ss27@gmail.com');
INSERT INTO users (id, name, email) VALUES ('8058','Saurabh kr pr(Chem)', 'saurabhkumarojha123@gmail.com');
INSERT INTO users (id, name, email) VALUES ('8059','Saurav pr', 'saurav109677@gmail.com');
INSERT INTO users (id, name, email) VALUES ('8060','Sekhar suman pr', 'shkrsuman77@gmail.com');
INSERT INTO users (id, name, email) VALUES ('8061','Shailendra Singh pr', 'singh.shailendra949597@gmail.com');
INSERT INTO users (id, name, email) VALUES ('8062','Shailesh pr', 'shaileshchunnu008@gmail.com');
INSERT INTO users (id, name, email) VALUES ('8063','Shashank pr', 'shankykr1999@gmail.com');
INSERT INTO users (id, name, email) VALUES ('8064','Shubham Choudhary pr', 'sk969309@gmail.com');
INSERT INTO users (id, name, email) VALUES ('8065','Shyam pr', 'samlyt1915149@gmail.com');
INSERT INTO users (id, name, email) VALUES ('8066','Sivatma Gopinath Pr', 'shiv.ti@gmail.com');
INSERT INTO users (id, name, email) VALUES ('8067','Sonu pr', 'skdas931891@gmail.com');
INSERT INTO users (id, name, email) VALUES ('8068','Srikant pr', 'shreekantsingh511998@gmail.com');
INSERT INTO users (id, name, email) VALUES ('8069','Subha Krsna pr', 'shubhamkumarhit19@gmail.com');
INSERT INTO users (id, name, email) VALUES ('8070','Subham Chandra pr', 'subhamchandra597@gmail.com');
INSERT INTO users (id, name, email) VALUES ('8071','Subham Gupta', 'guptasubham175@gmail.com');
INSERT INTO users (id, name, email) VALUES ('8072','Sukumar pr', 'sukumar712702@gmail.com');
INSERT INTO users (id, name, email) VALUES ('8073','Suman vatsa', 'sumanvasta0@gmail.com');
INSERT INTO users (id, name, email) VALUES ('8074','Suraj pr Gaya', 'suraj.don10april@gmail.com');
INSERT INTO users (id, name, email) VALUES ('8075','Trideep pr', 'bunty.biswas547@gmail.com');
INSERT INTO users (id, name, email) VALUES ('8076','Varun pr', 'varun.idea21@gmail.com');
INSERT INTO users (id, name, email) VALUES ('8077','Veda Prakash pr', 'ved.divg@gmail.com');
INSERT INTO users (id, name, email) VALUES ('8078','Vikash pr', 'vikashkumar982141@gmail.com');
INSERT INTO users (id, name, email) VALUES ('8079','Vinay kr singh pr', 'vinay7121989@gmail.com');
INSERT INTO users (id, name, email) VALUES ('8080','Vinit pr', 'vinitkj15@gmail.com');
INSERT INTO users (id, name, email) VALUES ('8081','Vishal Singh Pr', 'vishal9sept@gmail.com');
INSERT INTO users (id, name, email) VALUES ('8082','Vivek pr Gaya', 'rsvjvivek@gmail.com');INSERT INTO meetings (id, date, meeting_name) VALUES ('30720','2023-07-20', 'Japa');INSERT INTO attendance (user, meeting, duration, status, inoutTime) VALUES (7996, 30720, null, 'ABSENT', 'null');
INSERT INTO attendance (user, meeting, duration, status, inoutTime) VALUES (7997, 30720, 84, 'PRESENT', ' 06:30:48 AM -  07:53:55 AM');
INSERT INTO attendance (user, meeting, duration, status, inoutTime) VALUES (7998, 30720, 46, 'PRESENT', ' 06:43:23 AM -  07:59:56 AM');
INSERT INTO attendance (user, meeting, duration, status, inoutTime) VALUES (7999, 30720, null, 'ABSENT', 'null');
INSERT INTO attendance (user, meeting, duration, status, inoutTime) VALUES (8000, 30720, null, 'ABSENT', 'null');
INSERT INTO attendance (user, meeting, duration, status, inoutTime) VALUES (8001, 30720, 224, 'PRESENT', ' 03:45:13 AM -  07:28:38 AM');
INSERT INTO attendance (user, meeting, duration, status, inoutTime) VALUES (8002, 30720, null, 'ABSENT', 'null');
INSERT INTO attendance (user, meeting, duration, status, inoutTime) VALUES (8003, 30720, 111, 'PRESENT', ' 06:46:45 AM -  08:37:18 AM');
INSERT INTO attendance (user, meeting, duration, status, inoutTime) VALUES (8004, 30720, 179, 'PRESENT', ' 05:47:48 AM -  08:46:29 AM');
INSERT INTO attendance (user, meeting, duration, status, inoutTime) VALUES (8005, 30720, null, 'ABSENT', 'null');
INSERT INTO attendance (user, meeting, duration, status, inoutTime) VALUES (8006, 30720, null, 'ABSENT', 'null');
INSERT INTO attendance (user, meeting, duration, status, inoutTime) VALUES (8007, 30720, null, 'ABSENT', 'null');
INSERT INTO attendance (user, meeting, duration, status, inoutTime) VALUES (8008, 30720, null, 'ABSENT', 'null');
INSERT INTO attendance (user, meeting, duration, status, inoutTime) VALUES (8009, 30720, 122, 'PRESENT', ' 05:36:12 AM -  07:37:31 AM');
INSERT INTO attendance (user, meeting, duration, status, inoutTime) VALUES (8010, 30720, 86, 'PRESENT', ' 04:07:35 AM -  05:32:47 AM');
INSERT INTO attendance (user, meeting, duration, status, inoutTime) VALUES (8011, 30720, null, 'ABSENT', 'null');
INSERT INTO attendance (user, meeting, duration, status, inoutTime) VALUES (8012, 30720, 65, 'PRESENT', ' 07:00:53 AM -  08:05:21 AM');
INSERT INTO attendance (user, meeting, duration, status, inoutTime) VALUES (8013, 30720, null, 'ABSENT', 'null');
INSERT INTO attendance (user, meeting, duration, status, inoutTime) VALUES (8014, 30720, null, 'ABSENT', 'null');
INSERT INTO attendance (user, meeting, duration, status, inoutTime) VALUES (8015, 30720, 65, 'PRESENT', ' 05:46:09 AM -  07:28:33 AM');
INSERT INTO attendance (user, meeting, duration, status, inoutTime) VALUES (8016, 30720, null, 'ABSENT', 'null');
INSERT INTO attendance (user, meeting, duration, status, inoutTime) VALUES (8017, 30720, 99, 'PRESENT', ' 05:33:32 AM -  07:10:45 AM');
INSERT INTO attendance (user, meeting, duration, status, inoutTime) VALUES (8018, 30720, 45, 'PRESENT', ' 06:09:33 AM -  06:54:15 AM');
INSERT INTO attendance (user, meeting, duration, status, inoutTime) VALUES (8019, 30720, null, 'ABSENT', 'null');
INSERT INTO attendance (user, meeting, duration, status, inoutTime) VALUES (8020, 30720, 111, 'PRESENT', ' 07:36:51 AM -  07:36:51 AM');
INSERT INTO attendance (user, meeting, duration, status, inoutTime) VALUES (8021, 30720, null, 'ABSENT', 'null');
INSERT INTO attendance (user, meeting, duration, status, inoutTime) VALUES (8022, 30720, null, 'ABSENT', 'null');
INSERT INTO attendance (user, meeting, duration, status, inoutTime) VALUES (8023, 30720, null, 'ABSENT', 'null');
INSERT INTO attendance (user, meeting, duration, status, inoutTime) VALUES (8024, 30720, null, 'ABSENT', 'null');
INSERT INTO attendance (user, meeting, duration, status, inoutTime) VALUES (8025, 30720, 93, 'PRESENT', ' 05:29:34 AM -  07:02:16 AM');
INSERT INTO attendance (user, meeting, duration, status, inoutTime) VALUES (8026, 30720, null, 'ABSENT', 'null');
INSERT INTO attendance (user, meeting, duration, status, inoutTime) VALUES (8027, 30720, null, 'ABSENT', 'null');
INSERT INTO attendance (user, meeting, duration, status, inoutTime) VALUES (8028, 30720, null, 'ABSENT', 'null');
INSERT INTO attendance (user, meeting, duration, status, inoutTime) VALUES (8029, 30720, null, 'ABSENT', 'null');
INSERT INTO attendance (user, meeting, duration, status, inoutTime) VALUES (8030, 30720, null, 'ABSENT', 'null');
INSERT INTO attendance (user, meeting, duration, status, inoutTime) VALUES (8031, 30720, null, 'ABSENT', 'null');
INSERT INTO attendance (user, meeting, duration, status, inoutTime) VALUES (8032, 30720, 9, 'PRESENT', ' 06:46:21 AM -  06:55:21 AM');
INSERT INTO attendance (user, meeting, duration, status, inoutTime) VALUES (8033, 30720, null, 'ABSENT', 'null');
INSERT INTO attendance (user, meeting, duration, status, inoutTime) VALUES (8034, 30720, null, 'ABSENT', 'null');
INSERT INTO attendance (user, meeting, duration, status, inoutTime) VALUES (8035, 30720, null, 'ABSENT', 'null');
INSERT INTO attendance (user, meeting, duration, status, inoutTime) VALUES (8036, 30720, null, 'ABSENT', 'null');
INSERT INTO attendance (user, meeting, duration, status, inoutTime) VALUES (8037, 30720, 147, 'PRESENT', ' 04:38:06 AM -  07:31:51 AM');
INSERT INTO attendance (user, meeting, duration, status, inoutTime) VALUES (8038, 30720, 86, 'PRESENT', ' 05:23:28 AM -  06:49:28 AM');
INSERT INTO attendance (user, meeting, duration, status, inoutTime) VALUES (8039, 30720, null, 'ABSENT', 'null');
INSERT INTO attendance (user, meeting, duration, status, inoutTime) VALUES (8040, 30720, null, 'ABSENT', 'null');
INSERT INTO attendance (user, meeting, duration, status, inoutTime) VALUES (8041, 30720, 98, 'PRESENT', ' 06:53:51 AM -  08:31:16 AM');
INSERT INTO attendance (user, meeting, duration, status, inoutTime) VALUES (8042, 30720, 68, 'PRESENT', ' 07:19:01 AM -  08:26:19 AM');
INSERT INTO attendance (user, meeting, duration, status, inoutTime) VALUES (8043, 30720, 88, 'PRESENT', ' 04:35:14 AM -  06:58:38 AM');
INSERT INTO attendance (user, meeting, duration, status, inoutTime) VALUES (8044, 30720, null, 'ABSENT', 'null');
INSERT INTO attendance (user, meeting, duration, status, inoutTime) VALUES (8045, 30720, 92, 'PRESENT', ' 06:30:45 AM -  08:02:58 AM');
INSERT INTO attendance (user, meeting, duration, status, inoutTime) VALUES (8046, 30720, 77, 'PRESENT', ' 06:48:26 AM -  08:05:49 AM');
INSERT INTO attendance (user, meeting, duration, status, inoutTime) VALUES (8047, 30720, null, 'ABSENT', 'null');
INSERT INTO attendance (user, meeting, duration, status, inoutTime) VALUES (8048, 30720, null, 'ABSENT', 'null');
INSERT INTO attendance (user, meeting, duration, status, inoutTime) VALUES (8049, 30720, null, 'ABSENT', 'null');
INSERT INTO attendance (user, meeting, duration, status, inoutTime) VALUES (8050, 30720, null, 'ABSENT', 'null');
INSERT INTO attendance (user, meeting, duration, status, inoutTime) VALUES (8051, 30720, 2, 'PRESENT', ' 06:52:19 AM -  06:53:24 AM');
INSERT INTO attendance (user, meeting, duration, status, inoutTime) VALUES (8052, 30720, null, 'ABSENT', 'null');
INSERT INTO attendance (user, meeting, duration, status, inoutTime) VALUES (8053, 30720, null, 'ABSENT', 'null');
INSERT INTO attendance (user, meeting, duration, status, inoutTime) VALUES (8054, 30720, null, 'ABSENT', 'null');
INSERT INTO attendance (user, meeting, duration, status, inoutTime) VALUES (8055, 30720, 85, 'PRESENT', ' 06:30:59 AM -  07:55:13 AM');
INSERT INTO attendance (user, meeting, duration, status, inoutTime) VALUES (8056, 30720, null, 'ABSENT', 'null');
INSERT INTO attendance (user, meeting, duration, status, inoutTime) VALUES (8057, 30720, null, 'ABSENT', 'null');
INSERT INTO attendance (user, meeting, duration, status, inoutTime) VALUES (8058, 30720, null, 'ABSENT', 'null');
INSERT INTO attendance (user, meeting, duration, status, inoutTime) VALUES (8059, 30720, 65, 'PRESENT', ' 05:56:32 AM -  07:01:14 AM');
INSERT INTO attendance (user, meeting, duration, status, inoutTime) VALUES (8060, 30720, null, 'ABSENT', 'null');
INSERT INTO attendance (user, meeting, duration, status, inoutTime) VALUES (8061, 30720, 135, 'PRESENT', ' 03:56:29 AM -  06:09:39 AM');
INSERT INTO attendance (user, meeting, duration, status, inoutTime) VALUES (8062, 30720, 57, 'PRESENT', ' 06:53:59 AM -  07:50:44 AM');
INSERT INTO attendance (user, meeting, duration, status, inoutTime) VALUES (8063, 30720, null, 'ABSENT', 'null');
INSERT INTO attendance (user, meeting, duration, status, inoutTime) VALUES (8064, 30720, null, 'ABSENT', 'null');
INSERT INTO attendance (user, meeting, duration, status, inoutTime) VALUES (8065, 30720, 17, 'PRESENT', ' 05:14:50 AM -  05:31:09 AM');
INSERT INTO attendance (user, meeting, duration, status, inoutTime) VALUES (8066, 30720, 63, 'PRESENT', ' 06:35:59 AM -  07:38:45 AM');
INSERT INTO attendance (user, meeting, duration, status, inoutTime) VALUES (8067, 30720, null, 'ABSENT', 'null');
INSERT INTO attendance (user, meeting, duration, status, inoutTime) VALUES (8068, 30720, 2, 'PRESENT', ' 05:55:17 AM -  05:56:37 AM');
INSERT INTO attendance (user, meeting, duration, status, inoutTime) VALUES (8069, 30720, 30, 'PRESENT', ' 06:02:20 AM -  06:31:57 AM');
INSERT INTO attendance (user, meeting, duration, status, inoutTime) VALUES (8070, 30720, null, 'ABSENT', 'null');
INSERT INTO attendance (user, meeting, duration, status, inoutTime) VALUES (8071, 30720, null, 'ABSENT', 'null');
INSERT INTO attendance (user, meeting, duration, status, inoutTime) VALUES (8072, 30720, 83, 'PRESENT', ' 05:50:22 AM -  07:12:30 AM');
INSERT INTO attendance (user, meeting, duration, status, inoutTime) VALUES (8073, 30720, 39, 'PRESENT', ' 06:51:25 AM -  07:29:32 AM');
INSERT INTO attendance (user, meeting, duration, status, inoutTime) VALUES (8074, 30720, null, 'ABSENT', 'null');
INSERT INTO attendance (user, meeting, duration, status, inoutTime) VALUES (8075, 30720, 40, 'PRESENT', ' 07:23:34 AM -  08:03:05 AM');
INSERT INTO attendance (user, meeting, duration, status, inoutTime) VALUES (8076, 30720, null, 'ABSENT', 'null');
INSERT INTO attendance (user, meeting, duration, status, inoutTime) VALUES (8077, 30720, null, 'ABSENT', 'null');
INSERT INTO attendance (user, meeting, duration, status, inoutTime) VALUES (8078, 30720, null, 'ABSENT', 'null');
INSERT INTO attendance (user, meeting, duration, status, inoutTime) VALUES (8079, 30720, null, 'ABSENT', 'null');
INSERT INTO attendance (user, meeting, duration, status, inoutTime) VALUES (8080, 30720, null, 'ABSENT', 'null');
INSERT INTO attendance (user, meeting, duration, status, inoutTime) VALUES (8081, 30720, 60, 'PRESENT', ' 05:43:54 AM -  06:43:03 AM');
INSERT INTO attendance (user, meeting, duration, status, inoutTime) VALUES (8082, 30720, 72, 'PRESENT', ' 05:32:56 AM -  06:43:59 AM');INSERT INTO users (id, name, email) VALUES ('8088','Abhishek Ananda IC pr', 'aanand5892@gmail.com');
INSERT INTO users (id, name, email) VALUES ('8089','Abhishek jha', 'abhishekjharoushan@gmail.com');
INSERT INTO users (id, name, email) VALUES ('8090','Abhishek Kr EE pr', 'abk8537@gmail.com');
INSERT INTO users (id, name, email) VALUES ('8091','Abhishek Pandey pr', 'abhishek80.a2s@gmail.com');
INSERT INTO users (id, name, email) VALUES ('8092','Abhishek pr Nawada', 'ak7268901@gmail.com');
INSERT INTO users (id, name, email) VALUES ('8093','Abhoy pr', 'abhoysaha1@gmail.com');
INSERT INTO users (id, name, email) VALUES ('8094','Ajay pr', 'call.ajay21@gmail.com');
INSERT INTO users (id, name, email) VALUES ('8095','Ajay pr(Mech)', 'ajay41707@gmail.com');
INSERT INTO users (id, name, email) VALUES ('8096','Ajeet pr', 'ajeetajeethemant@gmail.com');
INSERT INTO users (id, name, email) VALUES ('8097','Akash pr (Akarsak Srihari Pr)', 'akashkr930487@gmail.com');
INSERT INTO users (id, name, email) VALUES ('8098','Aman Jha', 'ajha9608@gmail.com');
INSERT INTO users (id, name, email) VALUES ('8099','Amit Raj pr', 'amitraj581@gmail.com');
INSERT INTO users (id, name, email) VALUES ('8100','Animesh pr', 'animeshmonty@gmail.com');
INSERT INTO users (id, name, email) VALUES ('8101','Ankush pr', 'kumarankush6200@gmail.com');
INSERT INTO users (id, name, email) VALUES ('8102','Anshu pr', 'anshuk1510@gmail.com');
INSERT INTO users (id, name, email) VALUES ('8103','Ashish pr', 'akg9023@gmail.com');
INSERT INTO users (id, name, email) VALUES ('8104','Atul pr', 'atulkumar15jan@gmail.com');
INSERT INTO users (id, name, email) VALUES ('8105','Atul Singh', 'atulsingh.asn@gmail.com');
INSERT INTO users (id, name, email) VALUES ('8106','Avinash pr', 'abinashshaw16@gmail.com');
INSERT INTO users (id, name, email) VALUES ('8107','Avishek Raj (Raja pr)', 'ars.raja23@gmail.com');
INSERT INTO users (id, name, email) VALUES ('8108','Balmukand pr', 'mishrabm96@gmail.com');
INSERT INTO users (id, name, email) VALUES ('8109','Bhanu pr', 'bhanupratapsingh1380@gmail.com');
INSERT INTO users (id, name, email) VALUES ('8110','Bhaskar Anand pr', 'bhskranand561@gmail.com');
INSERT INTO users (id, name, email) VALUES ('8111','BiswajIt pr', 'biswajitrowani@gmail.com');
INSERT INTO users (id, name, email) VALUES ('8112','Brahmanand pr', 'brahmanandamahato@gmail.com');
INSERT INTO users (id, name, email) VALUES ('8113','Chandan Pr', 'chandan.hitinstru@gmail.com');
INSERT INTO users (id, name, email) VALUES ('8114','Devashish pr', 'devashish0046@gmail.com');
INSERT INTO users (id, name, email) VALUES ('8115','Gaurav Jaiswal', 'jaiswalgaurav7183@gmail.com');
INSERT INTO users (id, name, email) VALUES ('8116','Gaurav pr', 'gauravsingh181997@gmail.com');
INSERT INTO users (id, name, email) VALUES ('8117','Gopal Chandra pr', 'gyan0prakash0@gmail.com');
INSERT INTO users (id, name, email) VALUES ('8118','Himanshu Choubey Pr', 'himanshuchoubey823@gmail.com');
INSERT INTO users (id, name, email) VALUES ('8119','Himanshu Srivastava', 'himanshusr2000@gmail.com');
INSERT INTO users (id, name, email) VALUES ('8120','Janardhan pr', 'jpclsr@gmail.com');
INSERT INTO users (id, name, email) VALUES ('8121','Kartik pr', 'KARTIK.KARTIK11@GMAIL.COM');
INSERT INTO users (id, name, email) VALUES ('8122','Kishlay', 'kishlay111999@gmail.com');
INSERT INTO users (id, name, email) VALUES ('8123','Mohit pr', 'mohit05121997@gmail.com');
INSERT INTO users (id, name, email) VALUES ('8124','Mukund Dayal Pr (Mithun Naskar)', 'naskarmithun@gmail.com');
INSERT INTO users (id, name, email) VALUES ('8125','Nandakishore pr', 'nandkishore.cse.hit@gmail.com');
INSERT INTO users (id, name, email) VALUES ('8126','Neelmani pr', 'mani4neel98@gmail.com');
INSERT INTO users (id, name, email) VALUES ('8127','Nikhil pr', 'nikhilsaphal2000@gmail.com');
INSERT INTO users (id, name, email) VALUES ('8128','Nikhilesh Roy pr', 'nkr159357258@gmail.com');
INSERT INTO users (id, name, email) VALUES ('8129','Nilmadhava Pr', 'neelabhanand99@gmail.com');
INSERT INTO users (id, name, email) VALUES ('8130','Niraj Sah pr', 'topniraj@gmail.com');
INSERT INTO users (id, name, email) VALUES ('8131','Nishant Shekhar Pr', 'mailnishantshekhar@gmail.com');
INSERT INTO users (id, name, email) VALUES ('8132','Pankaj Dubey pr', 'pkdubey1998@gmail.com');
INSERT INTO users (id, name, email) VALUES ('8133','Pawan pandey pr', 'kintupandey93@gmail.com');
INSERT INTO users (id, name, email) VALUES ('8134','Prabhakar pr', 'Prabhakar.jha25021996@gmail.com');
INSERT INTO users (id, name, email) VALUES ('8135','Pramit pr', 'pramit.hit@gmail.com');
INSERT INTO users (id, name, email) VALUES ('8136','Praween', 'praween868@gmail.com');
INSERT INTO users (id, name, email) VALUES ('8137','Purushottam pr', 'puru.anand20@gmail.com');
INSERT INTO users (id, name, email) VALUES ('8138','Rajbardhan', 'raghurajbardhan123@gmail.com');
INSERT INTO users (id, name, email) VALUES ('8139','Rajiv soni', 'radharajivsoni@gmail.com');
INSERT INTO users (id, name, email) VALUES ('8140','Rakesh pr', 'rk51633@gmail.com');
INSERT INTO users (id, name, email) VALUES ('8141','Ranjit pr', 'krisranjit100@gmail.com');
INSERT INTO users (id, name, email) VALUES ('8142','Ravishankar kr pr', 'ravishankar.purnia@gmail.com');
INSERT INTO users (id, name, email) VALUES ('8143','Ravishankar prasad pr', 'ravish.prasad4300@gmail.com');
INSERT INTO users (id, name, email) VALUES ('8144','Rohit', 'rohit10081998@gmail.com');
INSERT INTO users (id, name, email) VALUES ('8145','Rupesh pr', 'kmrrupesh5@gmail.com');
INSERT INTO users (id, name, email) VALUES ('8146','Sagar pr', 'sagar.sgr09@gmail.com');
INSERT INTO users (id, name, email) VALUES ('8147','Satyabrat Mishra pr (Shibu)', 'sibumishra546@gmail.com');
INSERT INTO users (id, name, email) VALUES ('8148','Satyam Mishra pr', 'satyamkumar9245@gmail.com');
INSERT INTO users (id, name, email) VALUES ('8149','Satyam pr', 'satyamsingh.ss27@gmail.com');
INSERT INTO users (id, name, email) VALUES ('8150','Saurabh kr pr(Chem)', 'saurabhkumarojha123@gmail.com');
INSERT INTO users (id, name, email) VALUES ('8151','Saurav pr', 'saurav109677@gmail.com');
INSERT INTO users (id, name, email) VALUES ('8152','Sekhar suman pr', 'shkrsuman77@gmail.com');
INSERT INTO users (id, name, email) VALUES ('8153','Shailendra Singh pr', 'singh.shailendra949597@gmail.com');
INSERT INTO users (id, name, email) VALUES ('8154','Shailesh pr', 'shaileshchunnu008@gmail.com');
INSERT INTO users (id, name, email) VALUES ('8155','Shashank pr', 'shankykr1999@gmail.com');
INSERT INTO users (id, name, email) VALUES ('8156','Shubham Choudhary pr', 'sk969309@gmail.com');
INSERT INTO users (id, name, email) VALUES ('8157','Shyam pr', 'samlyt1915149@gmail.com');
INSERT INTO users (id, name, email) VALUES ('8158','Sivatma Gopinath Pr', 'shiv.ti@gmail.com');
INSERT INTO users (id, name, email) VALUES ('8159','Sonu pr', 'skdas931891@gmail.com');
INSERT INTO users (id, name, email) VALUES ('8160','Srikant pr', 'shreekantsingh511998@gmail.com');
INSERT INTO users (id, name, email) VALUES ('8161','Subha Krsna pr', 'shubhamkumarhit19@gmail.com');
INSERT INTO users (id, name, email) VALUES ('8162','Subham Chandra pr', 'subhamchandra597@gmail.com');
INSERT INTO users (id, name, email) VALUES ('8163','Subham Gupta', 'guptasubham175@gmail.com');
INSERT INTO users (id, name, email) VALUES ('8164','Sukumar pr', 'sukumar712702@gmail.com');
INSERT INTO users (id, name, email) VALUES ('8165','Suman vatsa', 'sumanvasta0@gmail.com');
INSERT INTO users (id, name, email) VALUES ('8166','Suraj pr Gaya', 'suraj.don10april@gmail.com');
INSERT INTO users (id, name, email) VALUES ('8167','Trideep pr', 'bunty.biswas547@gmail.com');
INSERT INTO users (id, name, email) VALUES ('8168','Varun pr', 'varun.idea21@gmail.com');
INSERT INTO users (id, name, email) VALUES ('8169','Veda Prakash pr', 'ved.divg@gmail.com');
INSERT INTO users (id, name, email) VALUES ('8170','Vikash pr', 'vikashkumar982141@gmail.com');
INSERT INTO users (id, name, email) VALUES ('8171','Vinay kr singh pr', 'vinay7121989@gmail.com');
INSERT INTO users (id, name, email) VALUES ('8172','Vinit pr', 'vinitkj15@gmail.com');
INSERT INTO users (id, name, email) VALUES ('8173','Vishal Singh Pr', 'vishal9sept@gmail.com');
INSERT INTO users (id, name, email) VALUES ('8174','Vivek pr Gaya', 'rsvjvivek@gmail.com');INSERT INTO meetings (id, date, meeting_name) VALUES ('30721','2023-07-21', 'Japa');INSERT INTO attendance (user, meeting, duration, status, inoutTime) VALUES (8088, 30721, null, 'ABSENT', 'null');
INSERT INTO attendance (user, meeting, duration, status, inoutTime) VALUES (8089, 30721, null, 'ABSENT', 'null');
INSERT INTO attendance (user, meeting, duration, status, inoutTime) VALUES (8090, 30721, 61, 'PRESENT', ' 06:59:55 AM -  08:00:46 AM');
INSERT INTO attendance (user, meeting, duration, status, inoutTime) VALUES (8091, 30721, null, 'ABSENT', 'null');
INSERT INTO attendance (user, meeting, duration, status, inoutTime) VALUES (8092, 30721, null, 'ABSENT', 'null');
INSERT INTO attendance (user, meeting, duration, status, inoutTime) VALUES (8093, 30721, 191, 'PRESENT', ' 04:56:05 AM -  08:06:49 AM');
INSERT INTO attendance (user, meeting, duration, status, inoutTime) VALUES (8094, 30721, null, 'ABSENT', 'null');
INSERT INTO attendance (user, meeting, duration, status, inoutTime) VALUES (8095, 30721, 88, 'PRESENT', ' 07:22:32 AM -  08:49:51 AM');
INSERT INTO attendance (user, meeting, duration, status, inoutTime) VALUES (8096, 30721, null, 'ABSENT', 'null');
INSERT INTO attendance (user, meeting, duration, status, inoutTime) VALUES (8097, 30721, null, 'ABSENT', 'null');
INSERT INTO attendance (user, meeting, duration, status, inoutTime) VALUES (8098, 30721, null, 'ABSENT', 'null');
INSERT INTO attendance (user, meeting, duration, status, inoutTime) VALUES (8099, 30721, null, 'ABSENT', 'null');
INSERT INTO attendance (user, meeting, duration, status, inoutTime) VALUES (8100, 30721, null, 'ABSENT', 'null');
INSERT INTO attendance (user, meeting, duration, status, inoutTime) VALUES (8101, 30721, 123, 'PRESENT', ' 06:07:06 AM -  08:09:24 AM');
INSERT INTO attendance (user, meeting, duration, status, inoutTime) VALUES (8102, 30721, 32, 'PRESENT', ' 05:03:20 AM -  05:34:29 AM');
INSERT INTO attendance (user, meeting, duration, status, inoutTime) VALUES (8103, 30721, null, 'ABSENT', 'null');
INSERT INTO attendance (user, meeting, duration, status, inoutTime) VALUES (8104, 30721, 83, 'PRESENT', ' 06:43:53 AM -  08:06:36 AM');
INSERT INTO attendance (user, meeting, duration, status, inoutTime) VALUES (8105, 30721, null, 'ABSENT', 'null');
INSERT INTO attendance (user, meeting, duration, status, inoutTime) VALUES (8106, 30721, null, 'ABSENT', 'null');
INSERT INTO attendance (user, meeting, duration, status, inoutTime) VALUES (8107, 30721, 95, 'PRESENT', ' 05:45:23 AM -  07:21:40 AM');
INSERT INTO attendance (user, meeting, duration, status, inoutTime) VALUES (8108, 30721, null, 'ABSENT', 'null');
INSERT INTO attendance (user, meeting, duration, status, inoutTime) VALUES (8109, 30721, 95, 'PRESENT', ' 06:10:34 AM -  07:45:13 AM');
INSERT INTO attendance (user, meeting, duration, status, inoutTime) VALUES (8110, 30721, 62, 'PRESENT', ' 05:19:54 AM -  06:21:29 AM');
INSERT INTO attendance (user, meeting, duration, status, inoutTime) VALUES (8111, 30721, null, 'ABSENT', 'null');
INSERT INTO attendance (user, meeting, duration, status, inoutTime) VALUES (8112, 30721, 98, 'PRESENT', ' 06:24:49 AM -  08:02:43 AM');
INSERT INTO attendance (user, meeting, duration, status, inoutTime) VALUES (8113, 30721, null, 'ABSENT', 'null');
INSERT INTO attendance (user, meeting, duration, status, inoutTime) VALUES (8114, 30721, null, 'ABSENT', 'null');
INSERT INTO attendance (user, meeting, duration, status, inoutTime) VALUES (8115, 30721, null, 'ABSENT', 'null');
INSERT INTO attendance (user, meeting, duration, status, inoutTime) VALUES (8116, 30721, null, 'ABSENT', 'null');
INSERT INTO attendance (user, meeting, duration, status, inoutTime) VALUES (8117, 30721, 125, 'PRESENT', ' 05:00:35 AM -  07:04:48 AM');
INSERT INTO attendance (user, meeting, duration, status, inoutTime) VALUES (8118, 30721, null, 'ABSENT', 'null');
INSERT INTO attendance (user, meeting, duration, status, inoutTime) VALUES (8119, 30721, null, 'ABSENT', 'null');
INSERT INTO attendance (user, meeting, duration, status, inoutTime) VALUES (8120, 30721, null, 'ABSENT', 'null');
INSERT INTO attendance (user, meeting, duration, status, inoutTime) VALUES (8121, 30721, null, 'ABSENT', 'null');
INSERT INTO attendance (user, meeting, duration, status, inoutTime) VALUES (8122, 30721, null, 'ABSENT', 'null');
INSERT INTO attendance (user, meeting, duration, status, inoutTime) VALUES (8123, 30721, null, 'ABSENT', 'null');
INSERT INTO attendance (user, meeting, duration, status, inoutTime) VALUES (8124, 30721, 44, 'PRESENT', ' 06:11:57 AM -  06:55:45 AM');
INSERT INTO attendance (user, meeting, duration, status, inoutTime) VALUES (8125, 30721, null, 'ABSENT', 'null');
INSERT INTO attendance (user, meeting, duration, status, inoutTime) VALUES (8126, 30721, 59, 'PRESENT', ' 05:36:41 AM -  06:34:57 AM');
INSERT INTO attendance (user, meeting, duration, status, inoutTime) VALUES (8127, 30721, null, 'ABSENT', 'null');
INSERT INTO attendance (user, meeting, duration, status, inoutTime) VALUES (8128, 30721, 78, 'PRESENT', ' 07:23:23 AM -  08:41:30 AM');
INSERT INTO attendance (user, meeting, duration, status, inoutTime) VALUES (8129, 30721, 180, 'PRESENT', ' 04:29:02 AM -  07:56:38 AM');
INSERT INTO attendance (user, meeting, duration, status, inoutTime) VALUES (8130, 30721, 34, 'PRESENT', ' 06:29:46 AM -  07:03:13 AM');
INSERT INTO attendance (user, meeting, duration, status, inoutTime) VALUES (8131, 30721, null, 'ABSENT', 'null');
INSERT INTO attendance (user, meeting, duration, status, inoutTime) VALUES (8132, 30721, null, 'ABSENT', 'null');
INSERT INTO attendance (user, meeting, duration, status, inoutTime) VALUES (8133, 30721, 72, 'PRESENT', ' 06:53:25 AM -  08:04:30 AM');
INSERT INTO attendance (user, meeting, duration, status, inoutTime) VALUES (8134, 30721, 67, 'PRESENT', ' 07:34:05 AM -  08:40:07 AM');
INSERT INTO attendance (user, meeting, duration, status, inoutTime) VALUES (8135, 30721, null, 'ABSENT', 'null');
INSERT INTO attendance (user, meeting, duration, status, inoutTime) VALUES (8136, 30721, null, 'ABSENT', 'null');
INSERT INTO attendance (user, meeting, duration, status, inoutTime) VALUES (8137, 30721, 130, 'PRESENT', ' 05:34:19 AM -  07:43:45 AM');
INSERT INTO attendance (user, meeting, duration, status, inoutTime) VALUES (8138, 30721, 72, 'PRESENT', ' 07:03:44 AM -  08:15:28 AM');
INSERT INTO attendance (user, meeting, duration, status, inoutTime) VALUES (8139, 30721, null, 'ABSENT', 'null');
INSERT INTO attendance (user, meeting, duration, status, inoutTime) VALUES (8140, 30721, null, 'ABSENT', 'null');
INSERT INTO attendance (user, meeting, duration, status, inoutTime) VALUES (8141, 30721, null, 'ABSENT', 'null');
INSERT INTO attendance (user, meeting, duration, status, inoutTime) VALUES (8142, 30721, null, 'ABSENT', 'null');
INSERT INTO attendance (user, meeting, duration, status, inoutTime) VALUES (8143, 30721, 58, 'PRESENT', ' 06:18:01 AM -  07:15:35 AM');
INSERT INTO attendance (user, meeting, duration, status, inoutTime) VALUES (8144, 30721, null, 'ABSENT', 'null');
INSERT INTO attendance (user, meeting, duration, status, inoutTime) VALUES (8145, 30721, 23, 'PRESENT', ' 05:55:33 AM -  06:17:36 AM');
INSERT INTO attendance (user, meeting, duration, status, inoutTime) VALUES (8146, 30721, null, 'ABSENT', 'null');
INSERT INTO attendance (user, meeting, duration, status, inoutTime) VALUES (8147, 30721, 49, 'PRESENT', ' 07:05:48 AM -  07:53:54 AM');
INSERT INTO attendance (user, meeting, duration, status, inoutTime) VALUES (8148, 30721, null, 'ABSENT', 'null');
INSERT INTO attendance (user, meeting, duration, status, inoutTime) VALUES (8149, 30721, null, 'ABSENT', 'null');
INSERT INTO attendance (user, meeting, duration, status, inoutTime) VALUES (8150, 30721, 73, 'PRESENT', ' 06:17:16 AM -  07:30:10 AM');
INSERT INTO attendance (user, meeting, duration, status, inoutTime) VALUES (8151, 30721, 52, 'PRESENT', ' 06:04:48 AM -  06:55:56 AM');
INSERT INTO attendance (user, meeting, duration, status, inoutTime) VALUES (8152, 30721, 62, 'PRESENT', ' 06:50:48 AM -  07:51:58 AM');
INSERT INTO attendance (user, meeting, duration, status, inoutTime) VALUES (8153, 30721, 63, 'PRESENT', ' 03:52:13 AM -  04:54:29 AM');
INSERT INTO attendance (user, meeting, duration, status, inoutTime) VALUES (8154, 30721, 103, 'PRESENT', ' 06:07:03 AM -  07:49:43 AM');
INSERT INTO attendance (user, meeting, duration, status, inoutTime) VALUES (8155, 30721, null, 'ABSENT', 'null');
INSERT INTO attendance (user, meeting, duration, status, inoutTime) VALUES (8156, 30721, 96, 'PRESENT', ' 06:12:38 AM -  07:48:07 AM');
INSERT INTO attendance (user, meeting, duration, status, inoutTime) VALUES (8157, 30721, 31, 'PRESENT', ' 05:41:02 AM -  06:11:05 AM');
INSERT INTO attendance (user, meeting, duration, status, inoutTime) VALUES (8158, 30721, 148, 'PRESENT', ' 04:40:26 AM -  07:07:38 AM');
INSERT INTO attendance (user, meeting, duration, status, inoutTime) VALUES (8159, 30721, null, 'ABSENT', 'null');
INSERT INTO attendance (user, meeting, duration, status, inoutTime) VALUES (8160, 30721, 3, 'PRESENT', ' 06:47:05 AM -  06:49:38 AM');
INSERT INTO attendance (user, meeting, duration, status, inoutTime) VALUES (8161, 30721, 49, 'PRESENT', ' 05:20:23 AM -  06:09:04 AM');
INSERT INTO attendance (user, meeting, duration, status, inoutTime) VALUES (8162, 30721, null, 'ABSENT', 'null');
INSERT INTO attendance (user, meeting, duration, status, inoutTime) VALUES (8163, 30721, null, 'ABSENT', 'null');
INSERT INTO attendance (user, meeting, duration, status, inoutTime) VALUES (8164, 30721, null, 'ABSENT', 'null');
INSERT INTO attendance (user, meeting, duration, status, inoutTime) VALUES (8165, 30721, 58, 'PRESENT', ' 06:06:20 AM -  07:03:54 AM');
INSERT INTO attendance (user, meeting, duration, status, inoutTime) VALUES (8166, 30721, 35, 'PRESENT', ' 07:45:11 AM -  08:19:32 AM');
INSERT INTO attendance (user, meeting, duration, status, inoutTime) VALUES (8167, 30721, 118, 'PRESENT', ' 05:57:13 AM -  08:00:22 AM');
INSERT INTO attendance (user, meeting, duration, status, inoutTime) VALUES (8168, 30721, null, 'ABSENT', 'null');
INSERT INTO attendance (user, meeting, duration, status, inoutTime) VALUES (8169, 30721, null, 'ABSENT', 'null');
INSERT INTO attendance (user, meeting, duration, status, inoutTime) VALUES (8170, 30721, null, 'ABSENT', 'null');
INSERT INTO attendance (user, meeting, duration, status, inoutTime) VALUES (8171, 30721, null, 'ABSENT', 'null');
INSERT INTO attendance (user, meeting, duration, status, inoutTime) VALUES (8172, 30721, null, 'ABSENT', 'null');
INSERT INTO attendance (user, meeting, duration, status, inoutTime) VALUES (8173, 30721, 48, 'PRESENT', ' 05:51:00 AM -  06:38:39 AM');
INSERT INTO attendance (user, meeting, duration, status, inoutTime) VALUES (8174, 30721, 112, 'PRESENT', ' 05:39:20 AM -  07:31:34 AM');INSERT INTO users (id, name, email) VALUES ('8175','Abhishek Ananda IC pr', 'aanand5892@gmail.com');
INSERT INTO users (id, name, email) VALUES ('8176','Abhishek jha', 'abhishekjharoushan@gmail.com');
INSERT INTO users (id, name, email) VALUES ('8177','Abhishek Kr EE pr', 'abk8537@gmail.com');
INSERT INTO users (id, name, email) VALUES ('8178','Abhishek Pandey pr', 'abhishek80.a2s@gmail.com');
INSERT INTO users (id, name, email) VALUES ('8179','Abhishek pr Nawada', 'ak7268901@gmail.com');
INSERT INTO users (id, name, email) VALUES ('8180','Abhoy pr', 'abhoysaha1@gmail.com');
INSERT INTO users (id, name, email) VALUES ('8181','Ajay pr', 'call.ajay21@gmail.com');
INSERT INTO users (id, name, email) VALUES ('8182','Ajay pr(Mech)', 'ajay41707@gmail.com');
INSERT INTO users (id, name, email) VALUES ('8183','Ajeet pr', 'ajeetajeethemant@gmail.com');
INSERT INTO users (id, name, email) VALUES ('8184','Akash pr (Akarsak Srihari Pr)', 'akashkr930487@gmail.com');
INSERT INTO users (id, name, email) VALUES ('8185','Aman Jha', 'ajha9608@gmail.com');
INSERT INTO users (id, name, email) VALUES ('8186','Amit Raj pr', 'amitraj581@gmail.com');
INSERT INTO users (id, name, email) VALUES ('8187','Animesh pr', 'animeshmonty@gmail.com');
INSERT INTO users (id, name, email) VALUES ('8188','Ankush pr', 'kumarankush6200@gmail.com');
INSERT INTO users (id, name, email) VALUES ('8189','Anshu pr', 'anshuk1510@gmail.com');
INSERT INTO users (id, name, email) VALUES ('8190','Ashish pr', 'akg9023@gmail.com');
INSERT INTO users (id, name, email) VALUES ('8191','Atul pr', 'atulkumar15jan@gmail.com');
INSERT INTO users (id, name, email) VALUES ('8192','Atul Singh', 'atulsingh.asn@gmail.com');
INSERT INTO users (id, name, email) VALUES ('8193','Avinash pr', 'abinashshaw16@gmail.com');
INSERT INTO users (id, name, email) VALUES ('8194','Avishek Raj (Raja pr)', 'ars.raja23@gmail.com');
INSERT INTO users (id, name, email) VALUES ('8195','Balmukand pr', 'mishrabm96@gmail.com');
INSERT INTO users (id, name, email) VALUES ('8196','Bhanu pr', 'bhanupratapsingh1380@gmail.com');
INSERT INTO users (id, name, email) VALUES ('8197','Bhaskar Anand pr', 'bhskranand561@gmail.com');
INSERT INTO users (id, name, email) VALUES ('8198','BiswajIt pr', 'biswajitrowani@gmail.com');
INSERT INTO users (id, name, email) VALUES ('8199','Brahmanand pr', 'brahmanandamahato@gmail.com');
INSERT INTO users (id, name, email) VALUES ('8200','Chandan Pr', 'chandan.hitinstru@gmail.com');
INSERT INTO users (id, name, email) VALUES ('8201','Devashish pr', 'devashish0046@gmail.com');
INSERT INTO users (id, name, email) VALUES ('8202','Gaurav Jaiswal', 'jaiswalgaurav7183@gmail.com');
INSERT INTO users (id, name, email) VALUES ('8203','Gaurav pr', 'gauravsingh181997@gmail.com');
INSERT INTO users (id, name, email) VALUES ('8204','Gopal Chandra pr', 'gyan0prakash0@gmail.com');
INSERT INTO users (id, name, email) VALUES ('8205','Himanshu Choubey Pr', 'himanshuchoubey823@gmail.com');
INSERT INTO users (id, name, email) VALUES ('8206','Himanshu Srivastava', 'himanshusr2000@gmail.com');
INSERT INTO users (id, name, email) VALUES ('8207','Janardhan pr', 'jpclsr@gmail.com');
INSERT INTO users (id, name, email) VALUES ('8208','Kartik pr', 'KARTIK.KARTIK11@GMAIL.COM');
INSERT INTO users (id, name, email) VALUES ('8209','Kishlay', 'kishlay111999@gmail.com');
INSERT INTO users (id, name, email) VALUES ('8210','Mohit pr', 'mohit05121997@gmail.com');
INSERT INTO users (id, name, email) VALUES ('8211','Mukund Dayal Pr (Mithun Naskar)', 'naskarmithun@gmail.com');
INSERT INTO users (id, name, email) VALUES ('8212','Nandakishore pr', 'nandkishore.cse.hit@gmail.com');
INSERT INTO users (id, name, email) VALUES ('8213','Neelmani pr', 'mani4neel98@gmail.com');
INSERT INTO users (id, name, email) VALUES ('8214','Nikhil pr', 'nikhilsaphal2000@gmail.com');
INSERT INTO users (id, name, email) VALUES ('8215','Nikhilesh Roy pr', 'nkr159357258@gmail.com');
INSERT INTO users (id, name, email) VALUES ('8216','Nilmadhava Pr', 'neelabhanand99@gmail.com');
INSERT INTO users (id, name, email) VALUES ('8217','Niraj Sah pr', 'topniraj@gmail.com');
INSERT INTO users (id, name, email) VALUES ('8218','Nishant Shekhar Pr', 'mailnishantshekhar@gmail.com');
INSERT INTO users (id, name, email) VALUES ('8219','Pankaj Dubey pr', 'pkdubey1998@gmail.com');
INSERT INTO users (id, name, email) VALUES ('8220','Pawan pandey pr', 'kintupandey93@gmail.com');
INSERT INTO users (id, name, email) VALUES ('8221','Prabhakar pr', 'Prabhakar.jha25021996@gmail.com');
INSERT INTO users (id, name, email) VALUES ('8222','Pramit pr', 'pramit.hit@gmail.com');
INSERT INTO users (id, name, email) VALUES ('8223','Praween', 'praween868@gmail.com');
INSERT INTO users (id, name, email) VALUES ('8224','Purushottam pr', 'puru.anand20@gmail.com');
INSERT INTO users (id, name, email) VALUES ('8225','Rajbardhan', 'raghurajbardhan123@gmail.com');
INSERT INTO users (id, name, email) VALUES ('8226','Rajiv soni', 'radharajivsoni@gmail.com');
INSERT INTO users (id, name, email) VALUES ('8227','Rakesh pr', 'rk51633@gmail.com');
INSERT INTO users (id, name, email) VALUES ('8228','Ranjit pr', 'krisranjit100@gmail.com');
INSERT INTO users (id, name, email) VALUES ('8229','Ravishankar kr pr', 'ravishankar.purnia@gmail.com');
INSERT INTO users (id, name, email) VALUES ('8230','Ravishankar prasad pr', 'ravish.prasad4300@gmail.com');
INSERT INTO users (id, name, email) VALUES ('8231','Rohit', 'rohit10081998@gmail.com');
INSERT INTO users (id, name, email) VALUES ('8232','Rupesh pr', 'kmrrupesh5@gmail.com');
INSERT INTO users (id, name, email) VALUES ('8233','Sagar pr', 'sagar.sgr09@gmail.com');
INSERT INTO users (id, name, email) VALUES ('8234','Satyabrat Mishra pr (Shibu)', 'sibumishra546@gmail.com');
INSERT INTO users (id, name, email) VALUES ('8235','Satyam Mishra pr', 'satyamkumar9245@gmail.com');
INSERT INTO users (id, name, email) VALUES ('8236','Satyam pr', 'satyamsingh.ss27@gmail.com');
INSERT INTO users (id, name, email) VALUES ('8237','Saurabh kr pr(Chem)', 'saurabhkumarojha123@gmail.com');
INSERT INTO users (id, name, email) VALUES ('8238','Saurav pr', 'saurav109677@gmail.com');
INSERT INTO users (id, name, email) VALUES ('8239','Sekhar suman pr', 'shkrsuman77@gmail.com');
INSERT INTO users (id, name, email) VALUES ('8240','Shailendra Singh pr', 'singh.shailendra949597@gmail.com');
INSERT INTO users (id, name, email) VALUES ('8241','Shailesh pr', 'shaileshchunnu008@gmail.com');
INSERT INTO users (id, name, email) VALUES ('8242','Shashank pr', 'shankykr1999@gmail.com');
INSERT INTO users (id, name, email) VALUES ('8243','Shubham Choudhary pr', 'sk969309@gmail.com');
INSERT INTO users (id, name, email) VALUES ('8244','Shyam pr', 'samlyt1915149@gmail.com');
INSERT INTO users (id, name, email) VALUES ('8245','Sivatma Gopinath Pr', 'shiv.ti@gmail.com');
INSERT INTO users (id, name, email) VALUES ('8246','Sonu pr', 'skdas931891@gmail.com');
INSERT INTO users (id, name, email) VALUES ('8247','Srikant pr', 'shreekantsingh511998@gmail.com');
INSERT INTO users (id, name, email) VALUES ('8248','Subha Krsna pr', 'shubhamkumarhit19@gmail.com');
INSERT INTO users (id, name, email) VALUES ('8249','Subham Chandra pr', 'subhamchandra597@gmail.com');
INSERT INTO users (id, name, email) VALUES ('8250','Subham Gupta', 'guptasubham175@gmail.com');
INSERT INTO users (id, name, email) VALUES ('8251','Sukumar pr', 'sukumar712702@gmail.com');
INSERT INTO users (id, name, email) VALUES ('8252','Suman vatsa', 'sumanvasta0@gmail.com');
INSERT INTO users (id, name, email) VALUES ('8253','Suraj pr Gaya', 'suraj.don10april@gmail.com');
INSERT INTO users (id, name, email) VALUES ('8254','Trideep pr', 'bunty.biswas547@gmail.com');
INSERT INTO users (id, name, email) VALUES ('8255','Varun pr', 'varun.idea21@gmail.com');
INSERT INTO users (id, name, email) VALUES ('8256','Veda Prakash pr', 'ved.divg@gmail.com');
INSERT INTO users (id, name, email) VALUES ('8257','Vikash pr', 'vikashkumar982141@gmail.com');
INSERT INTO users (id, name, email) VALUES ('8258','Vinay kr singh pr', 'vinay7121989@gmail.com');
INSERT INTO users (id, name, email) VALUES ('8259','Vinit pr', 'vinitkj15@gmail.com');
INSERT INTO users (id, name, email) VALUES ('8260','Vishal Singh Pr', 'vishal9sept@gmail.com');
INSERT INTO users (id, name, email) VALUES ('8261','Vivek pr Gaya', 'rsvjvivek@gmail.com');INSERT INTO meetings (id, date, meeting_name) VALUES ('30722','2023-07-22', 'Japa');INSERT INTO attendance (user, meeting, duration, status, inoutTime) VALUES (8175, 30722, null, 'ABSENT', 'null');
INSERT INTO attendance (user, meeting, duration, status, inoutTime) VALUES (8176, 30722, null, 'ABSENT', 'null');
INSERT INTO attendance (user, meeting, duration, status, inoutTime) VALUES (8177, 30722, null, 'ABSENT', 'null');
INSERT INTO attendance (user, meeting, duration, status, inoutTime) VALUES (8178, 30722, null, 'ABSENT', 'null');
INSERT INTO attendance (user, meeting, duration, status, inoutTime) VALUES (8179, 30722, null, 'ABSENT', 'null');
INSERT INTO attendance (user, meeting, duration, status, inoutTime) VALUES (8180, 30722, 172, 'PRESENT', ' 03:32:50 AM -  06:24:40 AM');
INSERT INTO attendance (user, meeting, duration, status, inoutTime) VALUES (8181, 30722, null, 'ABSENT', 'null');
INSERT INTO attendance (user, meeting, duration, status, inoutTime) VALUES (8182, 30722, 92, 'PRESENT', ' 07:23:45 AM -  08:54:58 AM');
INSERT INTO attendance (user, meeting, duration, status, inoutTime) VALUES (8183, 30722, 135, 'PRESENT', ' 05:46:41 AM -  08:01:06 AM');
INSERT INTO attendance (user, meeting, duration, status, inoutTime) VALUES (8184, 30722, null, 'ABSENT', 'null');
INSERT INTO attendance (user, meeting, duration, status, inoutTime) VALUES (8185, 30722, 35, 'PRESENT', ' 06:05:46 AM -  06:40:16 AM');
INSERT INTO attendance (user, meeting, duration, status, inoutTime) VALUES (8186, 30722, null, 'ABSENT', 'null');
INSERT INTO attendance (user, meeting, duration, status, inoutTime) VALUES (8187, 30722, 114, 'PRESENT', ' 06:08:00 AM -  08:01:38 AM');
INSERT INTO attendance (user, meeting, duration, status, inoutTime) VALUES (8188, 30722, 98, 'PRESENT', ' 06:36:57 AM -  08:14:42 AM');
INSERT INTO attendance (user, meeting, duration, status, inoutTime) VALUES (8189, 30722, null, 'ABSENT', 'null');
INSERT INTO attendance (user, meeting, duration, status, inoutTime) VALUES (8190, 30722, null, 'ABSENT', 'null');
INSERT INTO attendance (user, meeting, duration, status, inoutTime) VALUES (8191, 30722, 56, 'PRESENT', ' 07:19:01 AM -  08:14:18 AM');
INSERT INTO attendance (user, meeting, duration, status, inoutTime) VALUES (8192, 30722, null, 'ABSENT', 'null');
INSERT INTO attendance (user, meeting, duration, status, inoutTime) VALUES (8193, 30722, null, 'ABSENT', 'null');
INSERT INTO attendance (user, meeting, duration, status, inoutTime) VALUES (8194, 30722, 95, 'PRESENT', ' 07:29:44 AM -  07:29:43 AM');
INSERT INTO attendance (user, meeting, duration, status, inoutTime) VALUES (8195, 30722, 84, 'PRESENT', ' 05:15:09 AM -  06:38:59 AM');
INSERT INTO attendance (user, meeting, duration, status, inoutTime) VALUES (8196, 30722, 98, 'PRESENT', ' 06:13:00 AM -  07:50:09 AM');
INSERT INTO attendance (user, meeting, duration, status, inoutTime) VALUES (8197, 30722, 54, 'PRESENT', ' 05:44:50 AM -  06:38:32 AM');
INSERT INTO attendance (user, meeting, duration, status, inoutTime) VALUES (8198, 30722, null, 'ABSENT', 'null');
INSERT INTO attendance (user, meeting, duration, status, inoutTime) VALUES (8199, 30722, 102, 'PRESENT', ' 06:45:18 AM -  08:27:15 AM');
INSERT INTO attendance (user, meeting, duration, status, inoutTime) VALUES (8200, 30722, null, 'ABSENT', 'null');
INSERT INTO attendance (user, meeting, duration, status, inoutTime) VALUES (8201, 30722, null, 'ABSENT', 'null');
INSERT INTO attendance (user, meeting, duration, status, inoutTime) VALUES (8202, 30722, null, 'ABSENT', 'null');
INSERT INTO attendance (user, meeting, duration, status, inoutTime) VALUES (8203, 30722, null, 'ABSENT', 'null');
INSERT INTO attendance (user, meeting, duration, status, inoutTime) VALUES (8204, 30722, 121, 'PRESENT', ' 05:17:08 AM -  07:17:09 AM');
INSERT INTO attendance (user, meeting, duration, status, inoutTime) VALUES (8205, 30722, null, 'ABSENT', 'null');
INSERT INTO attendance (user, meeting, duration, status, inoutTime) VALUES (8206, 30722, null, 'ABSENT', 'null');
INSERT INTO attendance (user, meeting, duration, status, inoutTime) VALUES (8207, 30722, null, 'ABSENT', 'null');
INSERT INTO attendance (user, meeting, duration, status, inoutTime) VALUES (8208, 30722, null, 'ABSENT', 'null');
INSERT INTO attendance (user, meeting, duration, status, inoutTime) VALUES (8209, 30722, null, 'ABSENT', 'null');
INSERT INTO attendance (user, meeting, duration, status, inoutTime) VALUES (8210, 30722, null, 'ABSENT', 'null');
INSERT INTO attendance (user, meeting, duration, status, inoutTime) VALUES (8211, 30722, 52, 'PRESENT', ' 06:16:41 AM -  07:07:58 AM');
INSERT INTO attendance (user, meeting, duration, status, inoutTime) VALUES (8212, 30722, null, 'ABSENT', 'null');
INSERT INTO attendance (user, meeting, duration, status, inoutTime) VALUES (8213, 30722, null, 'ABSENT', 'null');
INSERT INTO attendance (user, meeting, duration, status, inoutTime) VALUES (8214, 30722, null, 'ABSENT', 'null');
INSERT INTO attendance (user, meeting, duration, status, inoutTime) VALUES (8215, 30722, 78, 'PRESENT', ' 07:02:25 AM -  08:19:48 AM');
INSERT INTO attendance (user, meeting, duration, status, inoutTime) VALUES (8216, 30722, 273, 'PRESENT', ' 04:46:19 AM -  08:43:22 AM');
INSERT INTO attendance (user, meeting, duration, status, inoutTime) VALUES (8217, 30722, 92, 'PRESENT', ' 05:47:13 AM -  07:18:39 AM');
INSERT INTO attendance (user, meeting, duration, status, inoutTime) VALUES (8218, 30722, null, 'ABSENT', 'null');
INSERT INTO attendance (user, meeting, duration, status, inoutTime) VALUES (8219, 30722, null, 'ABSENT', 'null');
INSERT INTO attendance (user, meeting, duration, status, inoutTime) VALUES (8220, 30722, null, 'ABSENT', 'null');
INSERT INTO attendance (user, meeting, duration, status, inoutTime) VALUES (8221, 30722, 61, 'PRESENT', ' 07:08:19 AM -  08:08:24 AM');
INSERT INTO attendance (user, meeting, duration, status, inoutTime) VALUES (8222, 30722, null, 'ABSENT', 'null');
INSERT INTO attendance (user, meeting, duration, status, inoutTime) VALUES (8223, 30722, null, 'ABSENT', 'null');
INSERT INTO attendance (user, meeting, duration, status, inoutTime) VALUES (8224, 30722, null, 'ABSENT', 'null');
INSERT INTO attendance (user, meeting, duration, status, inoutTime) VALUES (8225, 30722, 6, 'PRESENT', ' 06:32:51 AM -  06:38:19 AM');
INSERT INTO attendance (user, meeting, duration, status, inoutTime) VALUES (8226, 30722, null, 'ABSENT', 'null');
INSERT INTO attendance (user, meeting, duration, status, inoutTime) VALUES (8227, 30722, null, 'ABSENT', 'null');
INSERT INTO attendance (user, meeting, duration, status, inoutTime) VALUES (8228, 30722, null, 'ABSENT', 'null');
INSERT INTO attendance (user, meeting, duration, status, inoutTime) VALUES (8229, 30722, null, 'ABSENT', 'null');
INSERT INTO attendance (user, meeting, duration, status, inoutTime) VALUES (8230, 30722, 27, 'PRESENT', ' 07:23:18 AM -  07:50:12 AM');
INSERT INTO attendance (user, meeting, duration, status, inoutTime) VALUES (8231, 30722, 53, 'PRESENT', ' 06:47:49 AM -  07:40:18 AM');
INSERT INTO attendance (user, meeting, duration, status, inoutTime) VALUES (8232, 30722, null, 'ABSENT', 'null');
INSERT INTO attendance (user, meeting, duration, status, inoutTime) VALUES (8233, 30722, 89, 'PRESENT', ' 07:36:47 AM -  07:36:42 AM');
INSERT INTO attendance (user, meeting, duration, status, inoutTime) VALUES (8234, 30722, 102, 'PRESENT', ' 06:47:32 AM -  08:29:21 AM');
INSERT INTO attendance (user, meeting, duration, status, inoutTime) VALUES (8235, 30722, null, 'ABSENT', 'null');
INSERT INTO attendance (user, meeting, duration, status, inoutTime) VALUES (8236, 30722, null, 'ABSENT', 'null');
INSERT INTO attendance (user, meeting, duration, status, inoutTime) VALUES (8237, 30722, 97, 'PRESENT', ' 06:02:46 AM -  07:39:35 AM');
INSERT INTO attendance (user, meeting, duration, status, inoutTime) VALUES (8238, 30722, 69, 'PRESENT', ' 05:49:00 AM -  06:57:21 AM');
INSERT INTO attendance (user, meeting, duration, status, inoutTime) VALUES (8239, 30722, 70, 'PRESENT', ' 07:06:37 AM -  08:16:33 AM');
INSERT INTO attendance (user, meeting, duration, status, inoutTime) VALUES (8240, 30722, 115, 'PRESENT', ' 04:03:23 AM -  05:57:58 AM');
INSERT INTO attendance (user, meeting, duration, status, inoutTime) VALUES (8241, 30722, 52, 'PRESENT', ' 07:24:35 AM -  08:15:40 AM');
INSERT INTO attendance (user, meeting, duration, status, inoutTime) VALUES (8242, 30722, null, 'ABSENT', 'null');
INSERT INTO attendance (user, meeting, duration, status, inoutTime) VALUES (8243, 30722, null, 'ABSENT', 'null');
INSERT INTO attendance (user, meeting, duration, status, inoutTime) VALUES (8244, 30722, null, 'ABSENT', 'null');
INSERT INTO attendance (user, meeting, duration, status, inoutTime) VALUES (8245, 30722, 84, 'PRESENT', ' 06:01:37 AM -  07:25:25 AM');
INSERT INTO attendance (user, meeting, duration, status, inoutTime) VALUES (8246, 30722, null, 'ABSENT', 'null');
INSERT INTO attendance (user, meeting, duration, status, inoutTime) VALUES (8247, 30722, 1, 'PRESENT', ' 05:39:15 AM -  05:39:50 AM');
INSERT INTO attendance (user, meeting, duration, status, inoutTime) VALUES (8248, 30722, null, 'ABSENT', 'null');
INSERT INTO attendance (user, meeting, duration, status, inoutTime) VALUES (8249, 30722, null, 'ABSENT', 'null');
INSERT INTO attendance (user, meeting, duration, status, inoutTime) VALUES (8250, 30722, null, 'ABSENT', 'null');
INSERT INTO attendance (user, meeting, duration, status, inoutTime) VALUES (8251, 30722, null, 'ABSENT', 'null');
INSERT INTO attendance (user, meeting, duration, status, inoutTime) VALUES (8252, 30722, 48, 'PRESENT', ' 06:32:15 AM -  07:27:31 AM');
INSERT INTO attendance (user, meeting, duration, status, inoutTime) VALUES (8253, 30722, 97, 'PRESENT', ' 06:52:44 AM -  08:29:44 AM');
INSERT INTO attendance (user, meeting, duration, status, inoutTime) VALUES (8254, 30722, 61, 'PRESENT', ' 06:14:13 AM -  07:16:52 AM');
INSERT INTO attendance (user, meeting, duration, status, inoutTime) VALUES (8255, 30722, null, 'ABSENT', 'null');
INSERT INTO attendance (user, meeting, duration, status, inoutTime) VALUES (8256, 30722, null, 'ABSENT', 'null');
INSERT INTO attendance (user, meeting, duration, status, inoutTime) VALUES (8257, 30722, null, 'ABSENT', 'null');
INSERT INTO attendance (user, meeting, duration, status, inoutTime) VALUES (8258, 30722, null, 'ABSENT', 'null');
INSERT INTO attendance (user, meeting, duration, status, inoutTime) VALUES (8259, 30722, null, 'ABSENT', 'null');
INSERT INTO attendance (user, meeting, duration, status, inoutTime) VALUES (8260, 30722, 25, 'PRESENT', ' 05:38:02 AM -  06:02:28 AM');
INSERT INTO attendance (user, meeting, duration, status, inoutTime) VALUES (8261, 30722, 61, 'PRESENT', ' 05:47:58 AM -  06:48:06 AM');INSERT INTO users (id, name, email) VALUES ('8262','Abhishek Ananda IC pr', 'aanand5892@gmail.com');
INSERT INTO users (id, name, email) VALUES ('8263','Abhishek jha', 'abhishekjharoushan@gmail.com');
INSERT INTO users (id, name, email) VALUES ('8264','Abhishek Kr EE pr', 'abk8537@gmail.com');
INSERT INTO users (id, name, email) VALUES ('8265','Abhishek Pandey pr', 'abhishek80.a2s@gmail.com');
INSERT INTO users (id, name, email) VALUES ('8266','Abhishek pr Nawada', 'ak7268901@gmail.com');
INSERT INTO users (id, name, email) VALUES ('8267','Abhoy pr', 'abhoysaha1@gmail.com');
INSERT INTO users (id, name, email) VALUES ('8268','Ajay pr', 'call.ajay21@gmail.com');
INSERT INTO users (id, name, email) VALUES ('8269','Ajay pr(Mech)', 'ajay41707@gmail.com');
INSERT INTO users (id, name, email) VALUES ('8270','Ajeet pr', 'ajeetajeethemant@gmail.com');
INSERT INTO users (id, name, email) VALUES ('8271','Akash pr (Akarsak Srihari Pr)', 'akashkr930487@gmail.com');
INSERT INTO users (id, name, email) VALUES ('8272','Aman Jha', 'ajha9608@gmail.com');
INSERT INTO users (id, name, email) VALUES ('8273','Amit Raj pr', 'amitraj581@gmail.com');
INSERT INTO users (id, name, email) VALUES ('8274','Animesh pr', 'animeshmonty@gmail.com');
INSERT INTO users (id, name, email) VALUES ('8275','Ankush pr', 'kumarankush6200@gmail.com');
INSERT INTO users (id, name, email) VALUES ('8276','Anshu pr', 'anshuk1510@gmail.com');
INSERT INTO users (id, name, email) VALUES ('8277','Ashish pr', 'akg9023@gmail.com');
INSERT INTO users (id, name, email) VALUES ('8278','Atul pr', 'atulkumar15jan@gmail.com');
INSERT INTO users (id, name, email) VALUES ('8279','Atul Singh', 'atulsingh.asn@gmail.com');
INSERT INTO users (id, name, email) VALUES ('8280','Avinash pr', 'abinashshaw16@gmail.com');
INSERT INTO users (id, name, email) VALUES ('8281','Avishek Raj (Raja pr)', 'ars.raja23@gmail.com');
INSERT INTO users (id, name, email) VALUES ('8282','Balmukand pr', 'mishrabm96@gmail.com');
INSERT INTO users (id, name, email) VALUES ('8283','Bhanu pr', 'bhanupratapsingh1380@gmail.com');
INSERT INTO users (id, name, email) VALUES ('8284','Bhaskar Anand pr', 'bhskranand561@gmail.com');
INSERT INTO users (id, name, email) VALUES ('8285','BiswajIt pr', 'biswajitrowani@gmail.com');
INSERT INTO users (id, name, email) VALUES ('8286','Brahmanand pr', 'brahmanandamahato@gmail.com');
INSERT INTO users (id, name, email) VALUES ('8287','Chandan Pr', 'chandan.hitinstru@gmail.com');
INSERT INTO users (id, name, email) VALUES ('8288','Devashish pr', 'devashish0046@gmail.com');
INSERT INTO users (id, name, email) VALUES ('8289','Gaurav Jaiswal', 'jaiswalgaurav7183@gmail.com');
INSERT INTO users (id, name, email) VALUES ('8290','Gaurav pr', 'gauravsingh181997@gmail.com');
INSERT INTO users (id, name, email) VALUES ('8291','Gopal Chandra pr', 'gyan0prakash0@gmail.com');
INSERT INTO users (id, name, email) VALUES ('8292','Himanshu Choubey Pr', 'himanshuchoubey823@gmail.com');
INSERT INTO users (id, name, email) VALUES ('8293','Himanshu Srivastava', 'himanshusr2000@gmail.com');
INSERT INTO users (id, name, email) VALUES ('8294','Janardhan pr', 'jpclsr@gmail.com');
INSERT INTO users (id, name, email) VALUES ('8295','Kartik pr', 'KARTIK.KARTIK11@GMAIL.COM');
INSERT INTO users (id, name, email) VALUES ('8296','Kishlay', 'kishlay111999@gmail.com');
INSERT INTO users (id, name, email) VALUES ('8297','Mohit pr', 'mohit05121997@gmail.com');
INSERT INTO users (id, name, email) VALUES ('8298','Mukund Dayal Pr (Mithun Naskar)', 'naskarmithun@gmail.com');
INSERT INTO users (id, name, email) VALUES ('8299','Nandakishore pr', 'nandkishore.cse.hit@gmail.com');
INSERT INTO users (id, name, email) VALUES ('8300','Neelmani pr', 'mani4neel98@gmail.com');
INSERT INTO users (id, name, email) VALUES ('8301','Nikhil pr', 'nikhilsaphal2000@gmail.com');
INSERT INTO users (id, name, email) VALUES ('8302','Nikhilesh Roy pr', 'nkr159357258@gmail.com');
INSERT INTO users (id, name, email) VALUES ('8303','Nilmadhava Pr', 'neelabhanand99@gmail.com');
INSERT INTO users (id, name, email) VALUES ('8304','Niraj Sah pr', 'topniraj@gmail.com');
INSERT INTO users (id, name, email) VALUES ('8305','Nishant Shekhar Pr', 'mailnishantshekhar@gmail.com');
INSERT INTO users (id, name, email) VALUES ('8306','Pankaj Dubey pr', 'pkdubey1998@gmail.com');
INSERT INTO users (id, name, email) VALUES ('8307','Pawan pandey pr', 'kintupandey93@gmail.com');
INSERT INTO users (id, name, email) VALUES ('8308','Prabhakar pr', 'Prabhakar.jha25021996@gmail.com');
INSERT INTO users (id, name, email) VALUES ('8309','Pramit pr', 'pramit.hit@gmail.com');
INSERT INTO users (id, name, email) VALUES ('8310','Praween', 'praween868@gmail.com');
INSERT INTO users (id, name, email) VALUES ('8311','Purushottam pr', 'puru.anand20@gmail.com');
INSERT INTO users (id, name, email) VALUES ('8312','Rajbardhan', 'raghurajbardhan123@gmail.com');
INSERT INTO users (id, name, email) VALUES ('8313','Rajiv soni', 'radharajivsoni@gmail.com');
INSERT INTO users (id, name, email) VALUES ('8314','Rakesh pr', 'rk51633@gmail.com');
INSERT INTO users (id, name, email) VALUES ('8315','Ranjit pr', 'krisranjit100@gmail.com');
INSERT INTO users (id, name, email) VALUES ('8316','Ravishankar kr pr', 'ravishankar.purnia@gmail.com');
INSERT INTO users (id, name, email) VALUES ('8317','Ravishankar prasad pr', 'ravish.prasad4300@gmail.com');
INSERT INTO users (id, name, email) VALUES ('8318','Rohit', 'rohit10081998@gmail.com');
INSERT INTO users (id, name, email) VALUES ('8319','Rupesh pr', 'kmrrupesh5@gmail.com');
INSERT INTO users (id, name, email) VALUES ('8320','Sagar pr', 'sagar.sgr09@gmail.com');
INSERT INTO users (id, name, email) VALUES ('8321','Satyabrat Mishra pr (Shibu)', 'sibumishra546@gmail.com');
INSERT INTO users (id, name, email) VALUES ('8322','Satyam Mishra pr', 'satyamkumar9245@gmail.com');
INSERT INTO users (id, name, email) VALUES ('8323','Satyam pr', 'satyamsingh.ss27@gmail.com');
INSERT INTO users (id, name, email) VALUES ('8324','Saurabh kr pr(Chem)', 'saurabhkumarojha123@gmail.com');
INSERT INTO users (id, name, email) VALUES ('8325','Saurav pr', 'saurav109677@gmail.com');
INSERT INTO users (id, name, email) VALUES ('8326','Sekhar suman pr', 'shkrsuman77@gmail.com');
INSERT INTO users (id, name, email) VALUES ('8327','Shailendra Singh pr', 'singh.shailendra949597@gmail.com');
INSERT INTO users (id, name, email) VALUES ('8328','Shailesh pr', 'shaileshchunnu008@gmail.com');
INSERT INTO users (id, name, email) VALUES ('8329','Shashank pr', 'shankykr1999@gmail.com');
INSERT INTO users (id, name, email) VALUES ('8330','Shubham Choudhary pr', 'sk969309@gmail.com');
INSERT INTO users (id, name, email) VALUES ('8331','Shyam pr', 'samlyt1915149@gmail.com');
INSERT INTO users (id, name, email) VALUES ('8332','Sivatma Gopinath Pr', 'shiv.ti@gmail.com');
INSERT INTO users (id, name, email) VALUES ('8333','Sonu pr', 'skdas931891@gmail.com');
INSERT INTO users (id, name, email) VALUES ('8334','Srikant pr', 'shreekantsingh511998@gmail.com');
INSERT INTO users (id, name, email) VALUES ('8335','Subha Krsna pr', 'shubhamkumarhit19@gmail.com');
INSERT INTO users (id, name, email) VALUES ('8336','Subham Chandra pr', 'subhamchandra597@gmail.com');
INSERT INTO users (id, name, email) VALUES ('8337','Subham Gupta', 'guptasubham175@gmail.com');
INSERT INTO users (id, name, email) VALUES ('8338','Sukumar pr', 'sukumar712702@gmail.com');
INSERT INTO users (id, name, email) VALUES ('8339','Suman vatsa', 'sumanvasta0@gmail.com');
INSERT INTO users (id, name, email) VALUES ('8340','Suraj pr Gaya', 'suraj.don10april@gmail.com');
INSERT INTO users (id, name, email) VALUES ('8341','Trideep pr', 'bunty.biswas547@gmail.com');
INSERT INTO users (id, name, email) VALUES ('8342','Varun pr', 'varun.idea21@gmail.com');
INSERT INTO users (id, name, email) VALUES ('8343','Veda Prakash pr', 'ved.divg@gmail.com');
INSERT INTO users (id, name, email) VALUES ('8344','Vikash pr', 'vikashkumar982141@gmail.com');
INSERT INTO users (id, name, email) VALUES ('8345','Vinay kr singh pr', 'vinay7121989@gmail.com');
INSERT INTO users (id, name, email) VALUES ('8346','Vinit pr', 'vinitkj15@gmail.com');
INSERT INTO users (id, name, email) VALUES ('8347','Vishal Singh Pr', 'vishal9sept@gmail.com');
INSERT INTO users (id, name, email) VALUES ('8348','Vivek pr Gaya', 'rsvjvivek@gmail.com');INSERT INTO meetings (id, date, meeting_name) VALUES ('30723','2023-07-23', 'Japa');INSERT INTO attendance (user, meeting, duration, status, inoutTime) VALUES (8262, 30723, null, 'ABSENT', 'null');
INSERT INTO attendance (user, meeting, duration, status, inoutTime) VALUES (8263, 30723, null, 'ABSENT', 'null');
INSERT INTO attendance (user, meeting, duration, status, inoutTime) VALUES (8264, 30723, 88, 'PRESENT', ' 05:48:56 AM -  07:16:55 AM');
INSERT INTO attendance (user, meeting, duration, status, inoutTime) VALUES (8265, 30723, null, 'ABSENT', 'null');
INSERT INTO attendance (user, meeting, duration, status, inoutTime) VALUES (8266, 30723, null, 'ABSENT', 'null');
INSERT INTO attendance (user, meeting, duration, status, inoutTime) VALUES (8267, 30723, 147, 'PRESENT', ' 03:31:50 AM -  05:58:20 AM');
INSERT INTO attendance (user, meeting, duration, status, inoutTime) VALUES (8268, 30723, null, 'ABSENT', 'null');
INSERT INTO attendance (user, meeting, duration, status, inoutTime) VALUES (8269, 30723, null, 'ABSENT', 'null');
INSERT INTO attendance (user, meeting, duration, status, inoutTime) VALUES (8270, 30723, null, 'ABSENT', 'null');
INSERT INTO attendance (user, meeting, duration, status, inoutTime) VALUES (8271, 30723, null, 'ABSENT', 'null');
INSERT INTO attendance (user, meeting, duration, status, inoutTime) VALUES (8272, 30723, 17, 'PRESENT', ' 06:37:25 AM -  07:03:09 AM');
INSERT INTO attendance (user, meeting, duration, status, inoutTime) VALUES (8273, 30723, null, 'ABSENT', 'null');
INSERT INTO attendance (user, meeting, duration, status, inoutTime) VALUES (8274, 30723, null, 'ABSENT', 'null');
INSERT INTO attendance (user, meeting, duration, status, inoutTime) VALUES (8275, 30723, null, 'ABSENT', 'null');
INSERT INTO attendance (user, meeting, duration, status, inoutTime) VALUES (8276, 30723, 34, 'PRESENT', ' 04:46:25 AM -  05:20:10 AM');
INSERT INTO attendance (user, meeting, duration, status, inoutTime) VALUES (8277, 30723, null, 'ABSENT', 'null');
INSERT INTO attendance (user, meeting, duration, status, inoutTime) VALUES (8278, 30723, 74, 'PRESENT', ' 06:30:37 AM -  07:43:45 AM');
INSERT INTO attendance (user, meeting, duration, status, inoutTime) VALUES (8279, 30723, null, 'ABSENT', 'null');
INSERT INTO attendance (user, meeting, duration, status, inoutTime) VALUES (8280, 30723, null, 'ABSENT', 'null');
INSERT INTO attendance (user, meeting, duration, status, inoutTime) VALUES (8281, 30723, 79, 'PRESENT', ' 06:18:42 AM -  07:36:35 AM');
INSERT INTO attendance (user, meeting, duration, status, inoutTime) VALUES (8282, 30723, null, 'ABSENT', 'null');
INSERT INTO attendance (user, meeting, duration, status, inoutTime) VALUES (8283, 30723, null, 'ABSENT', 'null');
INSERT INTO attendance (user, meeting, duration, status, inoutTime) VALUES (8284, 30723, 51, 'PRESENT', ' 06:00:38 AM -  06:51:34 AM');
INSERT INTO attendance (user, meeting, duration, status, inoutTime) VALUES (8285, 30723, 103, 'PRESENT', ' 05:48:03 AM -  07:30:57 AM');
INSERT INTO attendance (user, meeting, duration, status, inoutTime) VALUES (8286, 30723, 59, 'PRESENT', ' 06:48:47 AM -  07:47:22 AM');
INSERT INTO attendance (user, meeting, duration, status, inoutTime) VALUES (8287, 30723, null, 'ABSENT', 'null');
INSERT INTO attendance (user, meeting, duration, status, inoutTime) VALUES (8288, 30723, null, 'ABSENT', 'null');
INSERT INTO attendance (user, meeting, duration, status, inoutTime) VALUES (8289, 30723, null, 'ABSENT', 'null');
INSERT INTO attendance (user, meeting, duration, status, inoutTime) VALUES (8290, 30723, null, 'ABSENT', 'null');
INSERT INTO attendance (user, meeting, duration, status, inoutTime) VALUES (8291, 30723, 122, 'PRESENT', ' 05:19:41 AM -  07:20:29 AM');
INSERT INTO attendance (user, meeting, duration, status, inoutTime) VALUES (8292, 30723, null, 'ABSENT', 'null');
INSERT INTO attendance (user, meeting, duration, status, inoutTime) VALUES (8293, 30723, null, 'ABSENT', 'null');
INSERT INTO attendance (user, meeting, duration, status, inoutTime) VALUES (8294, 30723, null, 'ABSENT', 'null');
INSERT INTO attendance (user, meeting, duration, status, inoutTime) VALUES (8295, 30723, null, 'ABSENT', 'null');
INSERT INTO attendance (user, meeting, duration, status, inoutTime) VALUES (8296, 30723, null, 'ABSENT', 'null');
INSERT INTO attendance (user, meeting, duration, status, inoutTime) VALUES (8297, 30723, null, 'ABSENT', 'null');
INSERT INTO attendance (user, meeting, duration, status, inoutTime) VALUES (8298, 30723, 41, 'PRESENT', ' 06:49:25 AM -  07:29:49 AM');
INSERT INTO attendance (user, meeting, duration, status, inoutTime) VALUES (8299, 30723, null, 'ABSENT', 'null');
INSERT INTO attendance (user, meeting, duration, status, inoutTime) VALUES (8300, 30723, null, 'ABSENT', 'null');
INSERT INTO attendance (user, meeting, duration, status, inoutTime) VALUES (8301, 30723, null, 'ABSENT', 'null');
INSERT INTO attendance (user, meeting, duration, status, inoutTime) VALUES (8302, 30723, 87, 'PRESENT', ' 06:06:24 AM -  07:33:06 AM');
INSERT INTO attendance (user, meeting, duration, status, inoutTime) VALUES (8303, 30723, 169, 'PRESENT', ' 04:22:14 AM -  07:11:11 AM');
INSERT INTO attendance (user, meeting, duration, status, inoutTime) VALUES (8304, 30723, 88, 'PRESENT', ' 05:26:13 AM -  06:54:13 AM');
INSERT INTO attendance (user, meeting, duration, status, inoutTime) VALUES (8305, 30723, null, 'ABSENT', 'null');
INSERT INTO attendance (user, meeting, duration, status, inoutTime) VALUES (8306, 30723, null, 'ABSENT', 'null');
INSERT INTO attendance (user, meeting, duration, status, inoutTime) VALUES (8307, 30723, 51, 'PRESENT', ' 07:05:40 AM -  07:56:15 AM');
INSERT INTO attendance (user, meeting, duration, status, inoutTime) VALUES (8308, 30723, 47, 'PRESENT', ' 07:06:21 AM -  07:53:03 AM');
INSERT INTO attendance (user, meeting, duration, status, inoutTime) VALUES (8309, 30723, null, 'ABSENT', 'null');
INSERT INTO attendance (user, meeting, duration, status, inoutTime) VALUES (8310, 30723, null, 'ABSENT', 'null');
INSERT INTO attendance (user, meeting, duration, status, inoutTime) VALUES (8311, 30723, 59, 'PRESENT', ' 05:17:31 AM -  06:15:39 AM');
INSERT INTO attendance (user, meeting, duration, status, inoutTime) VALUES (8312, 30723, 21, 'PRESENT', ' 07:39:14 AM -  07:59:37 AM');
INSERT INTO attendance (user, meeting, duration, status, inoutTime) VALUES (8313, 30723, null, 'ABSENT', 'null');
INSERT INTO attendance (user, meeting, duration, status, inoutTime) VALUES (8314, 30723, null, 'ABSENT', 'null');
INSERT INTO attendance (user, meeting, duration, status, inoutTime) VALUES (8315, 30723, 55, 'PRESENT', ' 06:31:23 AM -  07:26:07 AM');
INSERT INTO attendance (user, meeting, duration, status, inoutTime) VALUES (8316, 30723, null, 'ABSENT', 'null');
INSERT INTO attendance (user, meeting, duration, status, inoutTime) VALUES (8317, 30723, 22, 'PRESENT', ' 06:48:53 AM -  07:10:34 AM');
INSERT INTO attendance (user, meeting, duration, status, inoutTime) VALUES (8318, 30723, 58, 'PRESENT', ' 05:55:25 AM -  06:52:40 AM');
INSERT INTO attendance (user, meeting, duration, status, inoutTime) VALUES (8319, 30723, 13, 'PRESENT', ' 07:49:17 AM -  08:01:35 AM');
INSERT INTO attendance (user, meeting, duration, status, inoutTime) VALUES (8320, 30723, 46, 'PRESENT', ' 06:55:39 AM -  07:41:37 AM');
INSERT INTO attendance (user, meeting, duration, status, inoutTime) VALUES (8321, 30723, null, 'ABSENT', 'null');
INSERT INTO attendance (user, meeting, duration, status, inoutTime) VALUES (8322, 30723, null, 'ABSENT', 'null');
INSERT INTO attendance (user, meeting, duration, status, inoutTime) VALUES (8323, 30723, null, 'ABSENT', 'null');
INSERT INTO attendance (user, meeting, duration, status, inoutTime) VALUES (8324, 30723, 43, 'PRESENT', ' 05:08:42 AM -  05:50:48 AM');
INSERT INTO attendance (user, meeting, duration, status, inoutTime) VALUES (8325, 30723, 63, 'PRESENT', ' 05:44:17 AM -  06:52:11 AM');
INSERT INTO attendance (user, meeting, duration, status, inoutTime) VALUES (8326, 30723, null, 'ABSENT', 'null');
INSERT INTO attendance (user, meeting, duration, status, inoutTime) VALUES (8327, 30723, 158, 'PRESENT', ' 03:56:38 AM -  06:34:16 AM');
INSERT INTO attendance (user, meeting, duration, status, inoutTime) VALUES (8328, 30723, 76, 'PRESENT', ' 06:21:23 AM -  07:37:00 AM');
INSERT INTO attendance (user, meeting, duration, status, inoutTime) VALUES (8329, 30723, null, 'ABSENT', 'null');
INSERT INTO attendance (user, meeting, duration, status, inoutTime) VALUES (8330, 30723, null, 'ABSENT', 'null');
INSERT INTO attendance (user, meeting, duration, status, inoutTime) VALUES (8331, 30723, null, 'ABSENT', 'null');
INSERT INTO attendance (user, meeting, duration, status, inoutTime) VALUES (8332, 30723, 64, 'PRESENT', ' 06:01:28 AM -  07:04:49 AM');
INSERT INTO attendance (user, meeting, duration, status, inoutTime) VALUES (8333, 30723, null, 'ABSENT', 'null');
INSERT INTO attendance (user, meeting, duration, status, inoutTime) VALUES (8334, 30723, null, 'ABSENT', 'null');
INSERT INTO attendance (user, meeting, duration, status, inoutTime) VALUES (8335, 30723, 28, 'PRESENT', ' 06:58:43 AM -  07:25:51 AM');
INSERT INTO attendance (user, meeting, duration, status, inoutTime) VALUES (8336, 30723, null, 'ABSENT', 'null');
INSERT INTO attendance (user, meeting, duration, status, inoutTime) VALUES (8337, 30723, null, 'ABSENT', 'null');
INSERT INTO attendance (user, meeting, duration, status, inoutTime) VALUES (8338, 30723, null, 'ABSENT', 'null');
INSERT INTO attendance (user, meeting, duration, status, inoutTime) VALUES (8339, 30723, null, 'ABSENT', 'null');
INSERT INTO attendance (user, meeting, duration, status, inoutTime) VALUES (8340, 30723, 118, 'PRESENT', ' 06:03:31 AM -  08:01:08 AM');
INSERT INTO attendance (user, meeting, duration, status, inoutTime) VALUES (8341, 30723, 55, 'PRESENT', ' 06:51:03 AM -  07:45:16 AM');
INSERT INTO attendance (user, meeting, duration, status, inoutTime) VALUES (8342, 30723, null, 'ABSENT', 'null');
INSERT INTO attendance (user, meeting, duration, status, inoutTime) VALUES (8343, 30723, null, 'ABSENT', 'null');
INSERT INTO attendance (user, meeting, duration, status, inoutTime) VALUES (8344, 30723, null, 'ABSENT', 'null');
INSERT INTO attendance (user, meeting, duration, status, inoutTime) VALUES (8345, 30723, null, 'ABSENT', 'null');
INSERT INTO attendance (user, meeting, duration, status, inoutTime) VALUES (8346, 30723, null, 'ABSENT', 'null');
INSERT INTO attendance (user, meeting, duration, status, inoutTime) VALUES (8347, 30723, 38, 'PRESENT', ' 05:54:53 AM -  06:32:16 AM');
INSERT INTO attendance (user, meeting, duration, status, inoutTime) VALUES (8348, 30723, 86, 'PRESENT', ' 05:44:19 AM -  05:44:19 AM');INSERT INTO users (id, name, email) VALUES ('8349','Abhishek Ananda IC pr', 'aanand5892@gmail.com');
INSERT INTO users (id, name, email) VALUES ('8350','Abhishek jha', 'abhishekjharoushan@gmail.com');
INSERT INTO users (id, name, email) VALUES ('8351','Abhishek Kr EE pr', 'abk8537@gmail.com');
INSERT INTO users (id, name, email) VALUES ('8352','Abhishek Pandey pr', 'abhishek80.a2s@gmail.com');
INSERT INTO users (id, name, email) VALUES ('8353','Abhishek pr Nawada', 'ak7268901@gmail.com');
INSERT INTO users (id, name, email) VALUES ('8354','Abhoy pr', 'abhoysaha1@gmail.com');
INSERT INTO users (id, name, email) VALUES ('8355','Ajay pr', 'call.ajay21@gmail.com');
INSERT INTO users (id, name, email) VALUES ('8356','Ajay pr(Mech)', 'ajay41707@gmail.com');
INSERT INTO users (id, name, email) VALUES ('8357','Ajeet pr', 'ajeetajeethemant@gmail.com');
INSERT INTO users (id, name, email) VALUES ('8358','Akash pr (Akarsak Srihari Pr)', 'akashkr930487@gmail.com');
INSERT INTO users (id, name, email) VALUES ('8359','Aman Jha', 'ajha9608@gmail.com');
INSERT INTO users (id, name, email) VALUES ('8360','Amit Raj pr', 'amitraj581@gmail.com');
INSERT INTO users (id, name, email) VALUES ('8361','Animesh pr', 'animeshmonty@gmail.com');
INSERT INTO users (id, name, email) VALUES ('8362','Ankush pr', 'kumarankush6200@gmail.com');
INSERT INTO users (id, name, email) VALUES ('8363','Anshu pr', 'anshuk1510@gmail.com');
INSERT INTO users (id, name, email) VALUES ('8364','Ashish pr', 'akg9023@gmail.com');
INSERT INTO users (id, name, email) VALUES ('8365','Atul pr', 'atulkumar15jan@gmail.com');
INSERT INTO users (id, name, email) VALUES ('8366','Atul Singh', 'atulsingh.asn@gmail.com');
INSERT INTO users (id, name, email) VALUES ('8367','Avinash pr', 'abinashshaw16@gmail.com');
INSERT INTO users (id, name, email) VALUES ('8368','Avishek Raj (Raja pr)', 'ars.raja23@gmail.com');
INSERT INTO users (id, name, email) VALUES ('8369','Balmukand pr', 'mishrabm96@gmail.com');
INSERT INTO users (id, name, email) VALUES ('8370','Bhanu pr', 'bhanupratapsingh1380@gmail.com');
INSERT INTO users (id, name, email) VALUES ('8371','Bhaskar Anand pr', 'bhskranand561@gmail.com');
INSERT INTO users (id, name, email) VALUES ('8372','BiswajIt pr', 'biswajitrowani@gmail.com');
INSERT INTO users (id, name, email) VALUES ('8373','Brahmanand pr', 'brahmanandamahato@gmail.com');
INSERT INTO users (id, name, email) VALUES ('8374','Chandan Pr', 'chandan.hitinstru@gmail.com');
INSERT INTO users (id, name, email) VALUES ('8375','Devashish pr', 'devashish0046@gmail.com');
INSERT INTO users (id, name, email) VALUES ('8376','Gaurav Jaiswal', 'jaiswalgaurav7183@gmail.com');
INSERT INTO users (id, name, email) VALUES ('8377','Gaurav pr', 'gauravsingh181997@gmail.com');
INSERT INTO users (id, name, email) VALUES ('8378','Gopal Chandra pr', 'gyan0prakash0@gmail.com');
INSERT INTO users (id, name, email) VALUES ('8379','Himanshu Choubey Pr', 'himanshuchoubey823@gmail.com');
INSERT INTO users (id, name, email) VALUES ('8380','Himanshu Srivastava', 'himanshusr2000@gmail.com');
INSERT INTO users (id, name, email) VALUES ('8381','Janardhan pr', 'jpclsr@gmail.com');
INSERT INTO users (id, name, email) VALUES ('8382','Kartik pr', 'KARTIK.KARTIK11@GMAIL.COM');
INSERT INTO users (id, name, email) VALUES ('8383','Kishlay', 'kishlay111999@gmail.com');
INSERT INTO users (id, name, email) VALUES ('8384','Mohit pr', 'mohit05121997@gmail.com');
INSERT INTO users (id, name, email) VALUES ('8385','Mukund Dayal Pr (Mithun Naskar)', 'naskarmithun@gmail.com');
INSERT INTO users (id, name, email) VALUES ('8386','Nandakishore pr', 'nandkishore.cse.hit@gmail.com');
INSERT INTO users (id, name, email) VALUES ('8387','Neelmani pr', 'mani4neel98@gmail.com');
INSERT INTO users (id, name, email) VALUES ('8388','Nikhil pr', 'nikhilsaphal2000@gmail.com');
INSERT INTO users (id, name, email) VALUES ('8389','Nikhilesh Roy pr', 'nkr159357258@gmail.com');
INSERT INTO users (id, name, email) VALUES ('8390','Nilmadhava Pr', 'neelabhanand99@gmail.com');
INSERT INTO users (id, name, email) VALUES ('8391','Niraj Sah pr', 'topniraj@gmail.com');
INSERT INTO users (id, name, email) VALUES ('8392','Nishant Shekhar Pr', 'mailnishantshekhar@gmail.com');
INSERT INTO users (id, name, email) VALUES ('8393','Pankaj Dubey pr', 'pkdubey1998@gmail.com');
INSERT INTO users (id, name, email) VALUES ('8394','Pawan pandey pr', 'kintupandey93@gmail.com');
INSERT INTO users (id, name, email) VALUES ('8395','Prabhakar pr', 'Prabhakar.jha25021996@gmail.com');
INSERT INTO users (id, name, email) VALUES ('8396','Pramit pr', 'pramit.hit@gmail.com');
INSERT INTO users (id, name, email) VALUES ('8397','Praween', 'praween868@gmail.com');
INSERT INTO users (id, name, email) VALUES ('8398','Purushottam pr', 'puru.anand20@gmail.com');
INSERT INTO users (id, name, email) VALUES ('8399','Rajbardhan', 'raghurajbardhan123@gmail.com');
INSERT INTO users (id, name, email) VALUES ('8400','Rajiv soni', 'radharajivsoni@gmail.com');
INSERT INTO users (id, name, email) VALUES ('8401','Rakesh pr', 'rk51633@gmail.com');
INSERT INTO users (id, name, email) VALUES ('8402','Ranjit pr', 'krisranjit100@gmail.com');
INSERT INTO users (id, name, email) VALUES ('8403','Ravishankar kr pr', 'ravishankar.purnia@gmail.com');
INSERT INTO users (id, name, email) VALUES ('8404','Ravishankar prasad pr', 'ravish.prasad4300@gmail.com');
INSERT INTO users (id, name, email) VALUES ('8405','Rohit', 'rohit10081998@gmail.com');
INSERT INTO users (id, name, email) VALUES ('8406','Rupesh pr', 'kmrrupesh5@gmail.com');
INSERT INTO users (id, name, email) VALUES ('8407','Sagar pr', 'sagar.sgr09@gmail.com');
INSERT INTO users (id, name, email) VALUES ('8408','Satyabrat Mishra pr (Shibu)', 'sibumishra546@gmail.com');
INSERT INTO users (id, name, email) VALUES ('8409','Satyam Mishra pr', 'satyamkumar9245@gmail.com');
INSERT INTO users (id, name, email) VALUES ('8410','Satyam pr', 'satyamsingh.ss27@gmail.com');
INSERT INTO users (id, name, email) VALUES ('8411','Saurabh kr pr(Chem)', 'saurabhkumarojha123@gmail.com');
INSERT INTO users (id, name, email) VALUES ('8412','Saurav pr', 'saurav109677@gmail.com');
INSERT INTO users (id, name, email) VALUES ('8413','Sekhar suman pr', 'shkrsuman77@gmail.com');
INSERT INTO users (id, name, email) VALUES ('8414','Shailendra Singh pr', 'singh.shailendra949597@gmail.com');
INSERT INTO users (id, name, email) VALUES ('8415','Shailesh pr', 'shaileshchunnu008@gmail.com');
INSERT INTO users (id, name, email) VALUES ('8416','Shashank pr', 'shankykr1999@gmail.com');
INSERT INTO users (id, name, email) VALUES ('8417','Shubham Choudhary pr', 'sk969309@gmail.com');
INSERT INTO users (id, name, email) VALUES ('8418','Shyam pr', 'samlyt1915149@gmail.com');
INSERT INTO users (id, name, email) VALUES ('8419','Sivatma Gopinath Pr', 'shiv.ti@gmail.com');
INSERT INTO users (id, name, email) VALUES ('8420','Sonu pr', 'skdas931891@gmail.com');
INSERT INTO users (id, name, email) VALUES ('8421','Srikant pr', 'shreekantsingh511998@gmail.com');
INSERT INTO users (id, name, email) VALUES ('8422','Subha Krsna pr', 'shubhamkumarhit19@gmail.com');
INSERT INTO users (id, name, email) VALUES ('8423','Subham Chandra pr', 'subhamchandra597@gmail.com');
INSERT INTO users (id, name, email) VALUES ('8424','Subham Gupta', 'guptasubham175@gmail.com');
INSERT INTO users (id, name, email) VALUES ('8425','Sukumar pr', 'sukumar712702@gmail.com');
INSERT INTO users (id, name, email) VALUES ('8426','Suman vatsa', 'sumanvasta0@gmail.com');
INSERT INTO users (id, name, email) VALUES ('8427','Suraj pr Gaya', 'suraj.don10april@gmail.com');
INSERT INTO users (id, name, email) VALUES ('8428','Trideep pr', 'bunty.biswas547@gmail.com');
INSERT INTO users (id, name, email) VALUES ('8429','Varun pr', 'varun.idea21@gmail.com');
INSERT INTO users (id, name, email) VALUES ('8430','Veda Prakash pr', 'ved.divg@gmail.com');
INSERT INTO users (id, name, email) VALUES ('8431','Vikash pr', 'vikashkumar982141@gmail.com');
INSERT INTO users (id, name, email) VALUES ('8432','Vinay kr singh pr', 'vinay7121989@gmail.com');
INSERT INTO users (id, name, email) VALUES ('8433','Vinit pr', 'vinitkj15@gmail.com');
INSERT INTO users (id, name, email) VALUES ('8434','Vishal Singh Pr', 'vishal9sept@gmail.com');
INSERT INTO users (id, name, email) VALUES ('8435','Vivek pr Gaya', 'rsvjvivek@gmail.com');INSERT INTO meetings (id, date, meeting_name) VALUES ('30724','2023-07-24', 'Japa');INSERT INTO attendance (user, meeting, duration, status, inoutTime) VALUES (8349, 30724, null, 'ABSENT', 'null');
INSERT INTO attendance (user, meeting, duration, status, inoutTime) VALUES (8350, 30724, null, 'ABSENT', 'null');
INSERT INTO attendance (user, meeting, duration, status, inoutTime) VALUES (8351, 30724, 5, 'PRESENT', ' 05:56:27 AM -  06:00:59 AM');
INSERT INTO attendance (user, meeting, duration, status, inoutTime) VALUES (8352, 30724, null, 'ABSENT', 'null');
INSERT INTO attendance (user, meeting, duration, status, inoutTime) VALUES (8353, 30724, null, 'ABSENT', 'null');
INSERT INTO attendance (user, meeting, duration, status, inoutTime) VALUES (8354, 30724, 141, 'PRESENT', ' 04:16:41 AM -  06:37:06 AM');
INSERT INTO attendance (user, meeting, duration, status, inoutTime) VALUES (8355, 30724, null, 'ABSENT', 'null');
INSERT INTO attendance (user, meeting, duration, status, inoutTime) VALUES (8356, 30724, 108, 'PRESENT', ' 06:48:30 AM -  08:36:24 AM');
INSERT INTO attendance (user, meeting, duration, status, inoutTime) VALUES (8357, 30724, null, 'ABSENT', 'null');
INSERT INTO attendance (user, meeting, duration, status, inoutTime) VALUES (8358, 30724, null, 'ABSENT', 'null');
INSERT INTO attendance (user, meeting, duration, status, inoutTime) VALUES (8359, 30724, 66, 'PRESENT', ' 05:55:57 AM -  07:01:51 AM');
INSERT INTO attendance (user, meeting, duration, status, inoutTime) VALUES (8360, 30724, null, 'ABSENT', 'null');
INSERT INTO attendance (user, meeting, duration, status, inoutTime) VALUES (8361, 30724, null, 'ABSENT', 'null');
INSERT INTO attendance (user, meeting, duration, status, inoutTime) VALUES (8362, 30724, 102, 'PRESENT', ' 06:33:07 AM -  08:14:18 AM');
INSERT INTO attendance (user, meeting, duration, status, inoutTime) VALUES (8363, 30724, 23, 'PRESENT', ' 04:31:42 AM -  04:53:47 AM');
INSERT INTO attendance (user, meeting, duration, status, inoutTime) VALUES (8364, 30724, null, 'ABSENT', 'null');
INSERT INTO attendance (user, meeting, duration, status, inoutTime) VALUES (8365, 30724, 132, 'PRESENT', ' 05:48:40 AM -  08:00:21 AM');
INSERT INTO attendance (user, meeting, duration, status, inoutTime) VALUES (8366, 30724, null, 'ABSENT', 'null');
INSERT INTO attendance (user, meeting, duration, status, inoutTime) VALUES (8367, 30724, null, 'ABSENT', 'null');
INSERT INTO attendance (user, meeting, duration, status, inoutTime) VALUES (8368, 30724, 104, 'PRESENT', ' 06:17:03 AM -  07:58:55 AM');
INSERT INTO attendance (user, meeting, duration, status, inoutTime) VALUES (8369, 30724, null, 'ABSENT', 'null');
INSERT INTO attendance (user, meeting, duration, status, inoutTime) VALUES (8370, 30724, 73, 'PRESENT', ' 06:10:11 AM -  07:19:26 AM');
INSERT INTO attendance (user, meeting, duration, status, inoutTime) VALUES (8371, 30724, 39, 'PRESENT', ' 06:10:50 AM -  06:49:14 AM');
INSERT INTO attendance (user, meeting, duration, status, inoutTime) VALUES (8372, 30724, 75, 'PRESENT', ' 05:54:20 AM -  07:09:07 AM');
INSERT INTO attendance (user, meeting, duration, status, inoutTime) VALUES (8373, 30724, null, 'ABSENT', 'null');
INSERT INTO attendance (user, meeting, duration, status, inoutTime) VALUES (8374, 30724, null, 'ABSENT', 'null');
INSERT INTO attendance (user, meeting, duration, status, inoutTime) VALUES (8375, 30724, null, 'ABSENT', 'null');
INSERT INTO attendance (user, meeting, duration, status, inoutTime) VALUES (8376, 30724, null, 'ABSENT', 'null');
INSERT INTO attendance (user, meeting, duration, status, inoutTime) VALUES (8377, 30724, null, 'ABSENT', 'null');
INSERT INTO attendance (user, meeting, duration, status, inoutTime) VALUES (8378, 30724, 43, 'PRESENT', ' 05:37:09 AM -  06:20:01 AM');
INSERT INTO attendance (user, meeting, duration, status, inoutTime) VALUES (8379, 30724, null, 'ABSENT', 'null');
INSERT INTO attendance (user, meeting, duration, status, inoutTime) VALUES (8380, 30724, null, 'ABSENT', 'null');
INSERT INTO attendance (user, meeting, duration, status, inoutTime) VALUES (8381, 30724, null, 'ABSENT', 'null');
INSERT INTO attendance (user, meeting, duration, status, inoutTime) VALUES (8382, 30724, null, 'ABSENT', 'null');
INSERT INTO attendance (user, meeting, duration, status, inoutTime) VALUES (8383, 30724, null, 'ABSENT', 'null');
INSERT INTO attendance (user, meeting, duration, status, inoutTime) VALUES (8384, 30724, null, 'ABSENT', 'null');
INSERT INTO attendance (user, meeting, duration, status, inoutTime) VALUES (8385, 30724, null, 'ABSENT', 'null');
INSERT INTO attendance (user, meeting, duration, status, inoutTime) VALUES (8386, 30724, null, 'ABSENT', 'null');
INSERT INTO attendance (user, meeting, duration, status, inoutTime) VALUES (8387, 30724, null, 'ABSENT', 'null');
INSERT INTO attendance (user, meeting, duration, status, inoutTime) VALUES (8388, 30724, null, 'ABSENT', 'null');
INSERT INTO attendance (user, meeting, duration, status, inoutTime) VALUES (8389, 30724, 76, 'PRESENT', ' 06:28:04 AM -  07:43:18 AM');
INSERT INTO attendance (user, meeting, duration, status, inoutTime) VALUES (8390, 30724, 142, 'PRESENT', ' 05:00:50 AM -  07:22:34 AM');
INSERT INTO attendance (user, meeting, duration, status, inoutTime) VALUES (8391, 30724, 38, 'PRESENT', ' 06:54:38 AM -  07:31:42 AM');
INSERT INTO attendance (user, meeting, duration, status, inoutTime) VALUES (8392, 30724, null, 'ABSENT', 'null');
INSERT INTO attendance (user, meeting, duration, status, inoutTime) VALUES (8393, 30724, null, 'ABSENT', 'null');
INSERT INTO attendance (user, meeting, duration, status, inoutTime) VALUES (8394, 30724, 68, 'PRESENT', ' 07:04:43 AM -  08:12:06 AM');
INSERT INTO attendance (user, meeting, duration, status, inoutTime) VALUES (8395, 30724, 41, 'PRESENT', ' 07:13:52 AM -  07:54:15 AM');
INSERT INTO attendance (user, meeting, duration, status, inoutTime) VALUES (8396, 30724, null, 'ABSENT', 'null');
INSERT INTO attendance (user, meeting, duration, status, inoutTime) VALUES (8397, 30724, null, 'ABSENT', 'null');
INSERT INTO attendance (user, meeting, duration, status, inoutTime) VALUES (8398, 30724, 79, 'PRESENT', ' 06:46:12 AM -  08:04:26 AM');
INSERT INTO attendance (user, meeting, duration, status, inoutTime) VALUES (8399, 30724, 47, 'PRESENT', ' 07:22:22 AM -  08:08:58 AM');
INSERT INTO attendance (user, meeting, duration, status, inoutTime) VALUES (8400, 30724, null, 'ABSENT', 'null');
INSERT INTO attendance (user, meeting, duration, status, inoutTime) VALUES (8401, 30724, null, 'ABSENT', 'null');
INSERT INTO attendance (user, meeting, duration, status, inoutTime) VALUES (8402, 30724, null, 'ABSENT', 'null');
INSERT INTO attendance (user, meeting, duration, status, inoutTime) VALUES (8403, 30724, null, 'ABSENT', 'null');
INSERT INTO attendance (user, meeting, duration, status, inoutTime) VALUES (8404, 30724, 25, 'PRESENT', ' 06:59:12 AM -  07:23:28 AM');
INSERT INTO attendance (user, meeting, duration, status, inoutTime) VALUES (8405, 30724, null, 'ABSENT', 'null');
INSERT INTO attendance (user, meeting, duration, status, inoutTime) VALUES (8406, 30724, 23, 'PRESENT', ' 06:07:40 AM -  06:30:26 AM');
INSERT INTO attendance (user, meeting, duration, status, inoutTime) VALUES (8407, 30724, 55, 'PRESENT', ' 06:28:28 AM -  07:23:20 AM');
INSERT INTO attendance (user, meeting, duration, status, inoutTime) VALUES (8408, 30724, 79, 'PRESENT', ' 06:18:16 AM -  07:36:56 AM');
INSERT INTO attendance (user, meeting, duration, status, inoutTime) VALUES (8409, 30724, null, 'ABSENT', 'null');
INSERT INTO attendance (user, meeting, duration, status, inoutTime) VALUES (8410, 30724, null, 'ABSENT', 'null');
INSERT INTO attendance (user, meeting, duration, status, inoutTime) VALUES (8411, 30724, 36, 'PRESENT', ' 06:31:21 AM -  07:06:33 AM');
INSERT INTO attendance (user, meeting, duration, status, inoutTime) VALUES (8412, 30724, 43, 'PRESENT', ' 05:46:42 AM -  06:28:44 AM');
INSERT INTO attendance (user, meeting, duration, status, inoutTime) VALUES (8413, 30724, null, 'ABSENT', 'null');
INSERT INTO attendance (user, meeting, duration, status, inoutTime) VALUES (8414, 30724, 59, 'PRESENT', ' 05:06:51 AM -  06:05:50 AM');
INSERT INTO attendance (user, meeting, duration, status, inoutTime) VALUES (8415, 30724, 72, 'PRESENT', ' 06:32:55 AM -  07:44:00 AM');
INSERT INTO attendance (user, meeting, duration, status, inoutTime) VALUES (8416, 30724, null, 'ABSENT', 'null');
INSERT INTO attendance (user, meeting, duration, status, inoutTime) VALUES (8417, 30724, null, 'ABSENT', 'null');
INSERT INTO attendance (user, meeting, duration, status, inoutTime) VALUES (8418, 30724, null, 'ABSENT', 'null');
INSERT INTO attendance (user, meeting, duration, status, inoutTime) VALUES (8419, 30724, null, 'ABSENT', 'null');
INSERT INTO attendance (user, meeting, duration, status, inoutTime) VALUES (8420, 30724, null, 'ABSENT', 'null');
INSERT INTO attendance (user, meeting, duration, status, inoutTime) VALUES (8421, 30724, null, 'ABSENT', 'null');
INSERT INTO attendance (user, meeting, duration, status, inoutTime) VALUES (8422, 30724, 40, 'PRESENT', ' 06:18:02 AM -  07:25:00 AM');
INSERT INTO attendance (user, meeting, duration, status, inoutTime) VALUES (8423, 30724, null, 'ABSENT', 'null');
INSERT INTO attendance (user, meeting, duration, status, inoutTime) VALUES (8424, 30724, null, 'ABSENT', 'null');
INSERT INTO attendance (user, meeting, duration, status, inoutTime) VALUES (8425, 30724, null, 'ABSENT', 'null');
INSERT INTO attendance (user, meeting, duration, status, inoutTime) VALUES (8426, 30724, null, 'ABSENT', 'null');
INSERT INTO attendance (user, meeting, duration, status, inoutTime) VALUES (8427, 30724, null, 'ABSENT', 'null');
INSERT INTO attendance (user, meeting, duration, status, inoutTime) VALUES (8428, 30724, 159, 'PRESENT', ' 04:27:02 AM -  07:05:29 AM');
INSERT INTO attendance (user, meeting, duration, status, inoutTime) VALUES (8429, 30724, null, 'ABSENT', 'null');
INSERT INTO attendance (user, meeting, duration, status, inoutTime) VALUES (8430, 30724, null, 'ABSENT', 'null');
INSERT INTO attendance (user, meeting, duration, status, inoutTime) VALUES (8431, 30724, null, 'ABSENT', 'null');
INSERT INTO attendance (user, meeting, duration, status, inoutTime) VALUES (8432, 30724, null, 'ABSENT', 'null');
INSERT INTO attendance (user, meeting, duration, status, inoutTime) VALUES (8433, 30724, null, 'ABSENT', 'null');
INSERT INTO attendance (user, meeting, duration, status, inoutTime) VALUES (8434, 30724, null, 'ABSENT', 'null');
INSERT INTO attendance (user, meeting, duration, status, inoutTime) VALUES (8435, 30724, 48, 'PRESENT', ' 05:53:34 AM -  06:41:08 AM');INSERT INTO users (id, name, email) VALUES ('8436','Abhishek Ananda IC pr', 'aanand5892@gmail.com');
INSERT INTO users (id, name, email) VALUES ('8437','Abhishek jha', 'abhishekjharoushan@gmail.com');
INSERT INTO users (id, name, email) VALUES ('8438','Abhishek Kr EE pr', 'abk8537@gmail.com');
INSERT INTO users (id, name, email) VALUES ('8439','Abhishek Pandey pr', 'abhishek80.a2s@gmail.com');
INSERT INTO users (id, name, email) VALUES ('8440','Abhishek pr Nawada', 'ak7268901@gmail.com');
INSERT INTO users (id, name, email) VALUES ('8441','Abhoy pr', 'abhoysaha1@gmail.com');
INSERT INTO users (id, name, email) VALUES ('8442','Ajay pr', 'call.ajay21@gmail.com');
INSERT INTO users (id, name, email) VALUES ('8443','Ajay pr(Mech)', 'ajay41707@gmail.com');
INSERT INTO users (id, name, email) VALUES ('8444','Ajeet pr', 'ajeetajeethemant@gmail.com');
INSERT INTO users (id, name, email) VALUES ('8445','Akash pr (Akarsak Srihari Pr)', 'akashkr930487@gmail.com');
INSERT INTO users (id, name, email) VALUES ('8446','Aman Jha', 'ajha9608@gmail.com');
INSERT INTO users (id, name, email) VALUES ('8447','Amit Raj pr', 'amitraj581@gmail.com');
INSERT INTO users (id, name, email) VALUES ('8448','Animesh pr', 'animeshmonty@gmail.com');
INSERT INTO users (id, name, email) VALUES ('8449','Ankush pr', 'kumarankush6200@gmail.com');
INSERT INTO users (id, name, email) VALUES ('8450','Anshu pr', 'anshuk1510@gmail.com');
INSERT INTO users (id, name, email) VALUES ('8451','Ashish pr', 'akg9023@gmail.com');
INSERT INTO users (id, name, email) VALUES ('8452','Atul pr', 'atulkumar15jan@gmail.com');
INSERT INTO users (id, name, email) VALUES ('8453','Atul Singh', 'atulsingh.asn@gmail.com');
INSERT INTO users (id, name, email) VALUES ('8454','Avinash pr', 'abinashshaw16@gmail.com');
INSERT INTO users (id, name, email) VALUES ('8455','Avishek Raj (Raja pr)', 'ars.raja23@gmail.com');
INSERT INTO users (id, name, email) VALUES ('8456','Balmukand pr', 'mishrabm96@gmail.com');
INSERT INTO users (id, name, email) VALUES ('8457','Bhanu pr', 'bhanupratapsingh1380@gmail.com');
INSERT INTO users (id, name, email) VALUES ('8458','Bhaskar Anand pr', 'bhskranand561@gmail.com');
INSERT INTO users (id, name, email) VALUES ('8459','BiswajIt pr', 'biswajitrowani@gmail.com');
INSERT INTO users (id, name, email) VALUES ('8460','Brahmanand pr', 'brahmanandamahato@gmail.com');
INSERT INTO users (id, name, email) VALUES ('8461','Chandan Pr', 'chandan.hitinstru@gmail.com');
INSERT INTO users (id, name, email) VALUES ('8462','Devashish pr', 'devashish0046@gmail.com');
INSERT INTO users (id, name, email) VALUES ('8463','Gaurav Jaiswal', 'jaiswalgaurav7183@gmail.com');
INSERT INTO users (id, name, email) VALUES ('8464','Gaurav pr', 'gauravsingh181997@gmail.com');
INSERT INTO users (id, name, email) VALUES ('8465','Gopal Chandra pr', 'gyan0prakash0@gmail.com');
INSERT INTO users (id, name, email) VALUES ('8466','Himanshu Choubey Pr', 'himanshuchoubey823@gmail.com');
INSERT INTO users (id, name, email) VALUES ('8467','Himanshu Srivastava', 'himanshusr2000@gmail.com');
INSERT INTO users (id, name, email) VALUES ('8468','Janardhan pr', 'jpclsr@gmail.com');
INSERT INTO users (id, name, email) VALUES ('8469','Kartik pr', 'KARTIK.KARTIK11@GMAIL.COM');
INSERT INTO users (id, name, email) VALUES ('8470','Kishlay', 'kishlay111999@gmail.com');
INSERT INTO users (id, name, email) VALUES ('8471','Mohit pr', 'mohit05121997@gmail.com');
INSERT INTO users (id, name, email) VALUES ('8472','Mukund Dayal Pr (Mithun Naskar)', 'naskarmithun@gmail.com');
INSERT INTO users (id, name, email) VALUES ('8473','Nandakishore pr', 'nandkishore.cse.hit@gmail.com');
INSERT INTO users (id, name, email) VALUES ('8474','Neelmani pr', 'mani4neel98@gmail.com');
INSERT INTO users (id, name, email) VALUES ('8475','Nikhil pr', 'nikhilsaphal2000@gmail.com');
INSERT INTO users (id, name, email) VALUES ('8476','Nikhilesh Roy pr', 'nkr159357258@gmail.com');
INSERT INTO users (id, name, email) VALUES ('8477','Nilmadhava Pr', 'neelabhanand99@gmail.com');
INSERT INTO users (id, name, email) VALUES ('8478','Niraj Sah pr', 'topniraj@gmail.com');
INSERT INTO users (id, name, email) VALUES ('8479','Nishant Shekhar Pr', 'mailnishantshekhar@gmail.com');
INSERT INTO users (id, name, email) VALUES ('8480','Pankaj Dubey pr', 'pkdubey1998@gmail.com');
INSERT INTO users (id, name, email) VALUES ('8481','Pawan pandey pr', 'kintupandey93@gmail.com');
INSERT INTO users (id, name, email) VALUES ('8482','Prabhakar pr', 'Prabhakar.jha25021996@gmail.com');
INSERT INTO users (id, name, email) VALUES ('8483','Pramit pr', 'pramit.hit@gmail.com');
INSERT INTO users (id, name, email) VALUES ('8484','Praween', 'praween868@gmail.com');
INSERT INTO users (id, name, email) VALUES ('8485','Purushottam pr', 'puru.anand20@gmail.com');
INSERT INTO users (id, name, email) VALUES ('8486','Rajbardhan', 'raghurajbardhan123@gmail.com');
INSERT INTO users (id, name, email) VALUES ('8487','Rajiv soni', 'radharajivsoni@gmail.com');
INSERT INTO users (id, name, email) VALUES ('8488','Rakesh pr', 'rk51633@gmail.com');
INSERT INTO users (id, name, email) VALUES ('8489','Ranjit pr', 'krisranjit100@gmail.com');
INSERT INTO users (id, name, email) VALUES ('8490','Ravishankar kr pr', 'ravishankar.purnia@gmail.com');
INSERT INTO users (id, name, email) VALUES ('8491','Ravishankar prasad pr', 'ravish.prasad4300@gmail.com');
INSERT INTO users (id, name, email) VALUES ('8492','Rohit', 'rohit10081998@gmail.com');
INSERT INTO users (id, name, email) VALUES ('8493','Rupesh pr', 'kmrrupesh5@gmail.com');
INSERT INTO users (id, name, email) VALUES ('8494','Sagar pr', 'sagar.sgr09@gmail.com');
INSERT INTO users (id, name, email) VALUES ('8495','Satyabrat Mishra pr (Shibu)', 'sibumishra546@gmail.com');
INSERT INTO users (id, name, email) VALUES ('8496','Satyam Mishra pr', 'satyamkumar9245@gmail.com');
INSERT INTO users (id, name, email) VALUES ('8497','Satyam pr', 'satyamsingh.ss27@gmail.com');
INSERT INTO users (id, name, email) VALUES ('8498','Saurabh kr pr(Chem)', 'saurabhkumarojha123@gmail.com');
INSERT INTO users (id, name, email) VALUES ('8499','Saurav pr', 'saurav109677@gmail.com');
INSERT INTO users (id, name, email) VALUES ('8500','Sekhar suman pr', 'shkrsuman77@gmail.com');
INSERT INTO users (id, name, email) VALUES ('8501','Shailendra Singh pr', 'singh.shailendra949597@gmail.com');
INSERT INTO users (id, name, email) VALUES ('8502','Shailesh pr', 'shaileshchunnu008@gmail.com');
INSERT INTO users (id, name, email) VALUES ('8503','Shashank pr', 'shankykr1999@gmail.com');
INSERT INTO users (id, name, email) VALUES ('8504','Shubham Choudhary pr', 'sk969309@gmail.com');
INSERT INTO users (id, name, email) VALUES ('8505','Shyam pr', 'samlyt1915149@gmail.com');
INSERT INTO users (id, name, email) VALUES ('8506','Sivatma Gopinath Pr', 'shiv.ti@gmail.com');
INSERT INTO users (id, name, email) VALUES ('8507','Sonu pr', 'skdas931891@gmail.com');
INSERT INTO users (id, name, email) VALUES ('8508','Srikant pr', 'shreekantsingh511998@gmail.com');
INSERT INTO users (id, name, email) VALUES ('8509','Subha Krsna pr', 'shubhamkumarhit19@gmail.com');
INSERT INTO users (id, name, email) VALUES ('8510','Subham Chandra pr', 'subhamchandra597@gmail.com');
INSERT INTO users (id, name, email) VALUES ('8511','Subham Gupta', 'guptasubham175@gmail.com');
INSERT INTO users (id, name, email) VALUES ('8512','Sukumar pr', 'sukumar712702@gmail.com');
INSERT INTO users (id, name, email) VALUES ('8513','Suman vatsa', 'sumanvasta0@gmail.com');
INSERT INTO users (id, name, email) VALUES ('8514','Suraj pr Gaya', 'suraj.don10april@gmail.com');
INSERT INTO users (id, name, email) VALUES ('8515','Trideep pr', 'bunty.biswas547@gmail.com');
INSERT INTO users (id, name, email) VALUES ('8516','Varun pr', 'varun.idea21@gmail.com');
INSERT INTO users (id, name, email) VALUES ('8517','Veda Prakash pr', 'ved.divg@gmail.com');
INSERT INTO users (id, name, email) VALUES ('8518','Vikash pr', 'vikashkumar982141@gmail.com');
INSERT INTO users (id, name, email) VALUES ('8519','Vinay kr singh pr', 'vinay7121989@gmail.com');
INSERT INTO users (id, name, email) VALUES ('8520','Vinit pr', 'vinitkj15@gmail.com');
INSERT INTO users (id, name, email) VALUES ('8521','Vishal Singh Pr', 'vishal9sept@gmail.com');
INSERT INTO users (id, name, email) VALUES ('8522','Vivek pr Gaya', 'rsvjvivek@gmail.com');INSERT INTO meetings (id, date, meeting_name) VALUES ('30725','2023-07-25', 'Japa');INSERT INTO attendance (user, meeting, duration, status, inoutTime) VALUES (8436, 30725, null, 'ABSENT', 'null');
INSERT INTO attendance (user, meeting, duration, status, inoutTime) VALUES (8437, 30725, 50, 'PRESENT', ' 07:12:56 AM -  08:02:42 AM');
INSERT INTO attendance (user, meeting, duration, status, inoutTime) VALUES (8438, 30725, 57, 'PRESENT', ' 06:54:27 AM -  07:50:38 AM');
INSERT INTO attendance (user, meeting, duration, status, inoutTime) VALUES (8439, 30725, null, 'ABSENT', 'null');
INSERT INTO attendance (user, meeting, duration, status, inoutTime) VALUES (8440, 30725, null, 'ABSENT', 'null');
INSERT INTO attendance (user, meeting, duration, status, inoutTime) VALUES (8441, 30725, 142, 'PRESENT', ' 03:46:58 AM -  06:08:34 AM');
INSERT INTO attendance (user, meeting, duration, status, inoutTime) VALUES (8442, 30725, null, 'ABSENT', 'null');
INSERT INTO attendance (user, meeting, duration, status, inoutTime) VALUES (8443, 30725, null, 'ABSENT', 'null');
INSERT INTO attendance (user, meeting, duration, status, inoutTime) VALUES (8444, 30725, null, 'ABSENT', 'null');
INSERT INTO attendance (user, meeting, duration, status, inoutTime) VALUES (8445, 30725, null, 'ABSENT', 'null');
INSERT INTO attendance (user, meeting, duration, status, inoutTime) VALUES (8446, 30725, 68, 'PRESENT', ' 05:57:10 AM -  07:04:21 AM');
INSERT INTO attendance (user, meeting, duration, status, inoutTime) VALUES (8447, 30725, null, 'ABSENT', 'null');
INSERT INTO attendance (user, meeting, duration, status, inoutTime) VALUES (8448, 30725, null, 'ABSENT', 'null');
INSERT INTO attendance (user, meeting, duration, status, inoutTime) VALUES (8449, 30725, 83, 'PRESENT', ' 06:42:19 AM -  08:04:46 AM');
INSERT INTO attendance (user, meeting, duration, status, inoutTime) VALUES (8450, 30725, 18, 'PRESENT', ' 04:41:55 AM -  04:59:42 AM');
INSERT INTO attendance (user, meeting, duration, status, inoutTime) VALUES (8451, 30725, null, 'ABSENT', 'null');
INSERT INTO attendance (user, meeting, duration, status, inoutTime) VALUES (8452, 30725, 80, 'PRESENT', ' 06:22:25 AM -  07:42:09 AM');
INSERT INTO attendance (user, meeting, duration, status, inoutTime) VALUES (8453, 30725, null, 'ABSENT', 'null');
INSERT INTO attendance (user, meeting, duration, status, inoutTime) VALUES (8454, 30725, 47, 'PRESENT', ' 05:26:28 AM -  06:13:03 AM');
INSERT INTO attendance (user, meeting, duration, status, inoutTime) VALUES (8455, 30725, 96, 'PRESENT', ' 06:19:06 AM -  07:54:41 AM');
INSERT INTO attendance (user, meeting, duration, status, inoutTime) VALUES (8456, 30725, null, 'ABSENT', 'null');
INSERT INTO attendance (user, meeting, duration, status, inoutTime) VALUES (8457, 30725, 106, 'PRESENT', ' 06:13:40 AM -  07:59:13 AM');
INSERT INTO attendance (user, meeting, duration, status, inoutTime) VALUES (8458, 30725, 54, 'PRESENT', ' 06:07:24 AM -  07:01:00 AM');
INSERT INTO attendance (user, meeting, duration, status, inoutTime) VALUES (8459, 30725, 70, 'PRESENT', ' 05:47:36 AM -  06:56:41 AM');
INSERT INTO attendance (user, meeting, duration, status, inoutTime) VALUES (8460, 30725, 47, 'PRESENT', ' 06:40:51 AM -  07:27:38 AM');
INSERT INTO attendance (user, meeting, duration, status, inoutTime) VALUES (8461, 30725, null, 'ABSENT', 'null');
INSERT INTO attendance (user, meeting, duration, status, inoutTime) VALUES (8462, 30725, null, 'ABSENT', 'null');
INSERT INTO attendance (user, meeting, duration, status, inoutTime) VALUES (8463, 30725, null, 'ABSENT', 'null');
INSERT INTO attendance (user, meeting, duration, status, inoutTime) VALUES (8464, 30725, null, 'ABSENT', 'null');
INSERT INTO attendance (user, meeting, duration, status, inoutTime) VALUES (8465, 30725, 130, 'PRESENT', ' 05:10:43 AM -  07:20:31 AM');
INSERT INTO attendance (user, meeting, duration, status, inoutTime) VALUES (8466, 30725, null, 'ABSENT', 'null');
INSERT INTO attendance (user, meeting, duration, status, inoutTime) VALUES (8467, 30725, null, 'ABSENT', 'null');
INSERT INTO attendance (user, meeting, duration, status, inoutTime) VALUES (8468, 30725, null, 'ABSENT', 'null');
INSERT INTO attendance (user, meeting, duration, status, inoutTime) VALUES (8469, 30725, null, 'ABSENT', 'null');
INSERT INTO attendance (user, meeting, duration, status, inoutTime) VALUES (8470, 30725, null, 'ABSENT', 'null');
INSERT INTO attendance (user, meeting, duration, status, inoutTime) VALUES (8471, 30725, null, 'ABSENT', 'null');
INSERT INTO attendance (user, meeting, duration, status, inoutTime) VALUES (8472, 30725, null, 'ABSENT', 'null');
INSERT INTO attendance (user, meeting, duration, status, inoutTime) VALUES (8473, 30725, null, 'ABSENT', 'null');
INSERT INTO attendance (user, meeting, duration, status, inoutTime) VALUES (8474, 30725, 63, 'PRESENT', ' 06:28:09 AM -  07:29:01 AM');
INSERT INTO attendance (user, meeting, duration, status, inoutTime) VALUES (8475, 30725, null, 'ABSENT', 'null');
INSERT INTO attendance (user, meeting, duration, status, inoutTime) VALUES (8476, 30725, 78, 'PRESENT', ' 06:43:21 AM -  08:01:05 AM');
INSERT INTO attendance (user, meeting, duration, status, inoutTime) VALUES (8477, 30725, 122, 'PRESENT', ' 05:30:48 AM -  07:32:34 AM');
INSERT INTO attendance (user, meeting, duration, status, inoutTime) VALUES (8478, 30725, 88, 'PRESENT', ' 06:05:03 AM -  07:32:51 AM');
INSERT INTO attendance (user, meeting, duration, status, inoutTime) VALUES (8479, 30725, null, 'ABSENT', 'null');
INSERT INTO attendance (user, meeting, duration, status, inoutTime) VALUES (8480, 30725, null, 'ABSENT', 'null');
INSERT INTO attendance (user, meeting, duration, status, inoutTime) VALUES (8481, 30725, null, 'ABSENT', 'null');
INSERT INTO attendance (user, meeting, duration, status, inoutTime) VALUES (8482, 30725, 89, 'PRESENT', ' 06:38:05 AM -  08:06:13 AM');
INSERT INTO attendance (user, meeting, duration, status, inoutTime) VALUES (8483, 30725, null, 'ABSENT', 'null');
INSERT INTO attendance (user, meeting, duration, status, inoutTime) VALUES (8484, 30725, null, 'ABSENT', 'null');
INSERT INTO attendance (user, meeting, duration, status, inoutTime) VALUES (8485, 30725, 81, 'PRESENT', ' 05:12:57 AM -  07:00:59 AM');
INSERT INTO attendance (user, meeting, duration, status, inoutTime) VALUES (8486, 30725, null, 'ABSENT', 'null');
INSERT INTO attendance (user, meeting, duration, status, inoutTime) VALUES (8487, 30725, null, 'ABSENT', 'null');
INSERT INTO attendance (user, meeting, duration, status, inoutTime) VALUES (8488, 30725, null, 'ABSENT', 'null');
INSERT INTO attendance (user, meeting, duration, status, inoutTime) VALUES (8489, 30725, 34, 'PRESENT', ' 05:50:39 AM -  06:24:44 AM');
INSERT INTO attendance (user, meeting, duration, status, inoutTime) VALUES (8490, 30725, null, 'ABSENT', 'null');
INSERT INTO attendance (user, meeting, duration, status, inoutTime) VALUES (8491, 30725, 30, 'PRESENT', ' 07:05:41 AM -  07:34:44 AM');
INSERT INTO attendance (user, meeting, duration, status, inoutTime) VALUES (8492, 30725, null, 'ABSENT', 'null');
INSERT INTO attendance (user, meeting, duration, status, inoutTime) VALUES (8493, 30725, null, 'ABSENT', 'null');
INSERT INTO attendance (user, meeting, duration, status, inoutTime) VALUES (8494, 30725, null, 'ABSENT', 'null');
INSERT INTO attendance (user, meeting, duration, status, inoutTime) VALUES (8495, 30725, 34, 'PRESENT', ' 07:32:24 AM -  08:06:13 AM');
INSERT INTO attendance (user, meeting, duration, status, inoutTime) VALUES (8496, 30725, null, 'ABSENT', 'null');
INSERT INTO attendance (user, meeting, duration, status, inoutTime) VALUES (8497, 30725, null, 'ABSENT', 'null');
INSERT INTO attendance (user, meeting, duration, status, inoutTime) VALUES (8498, 30725, 109, 'PRESENT', ' 05:03:13 AM -  06:52:10 AM');
INSERT INTO attendance (user, meeting, duration, status, inoutTime) VALUES (8499, 30725, 23, 'PRESENT', ' 06:07:41 AM -  06:30:33 AM');
INSERT INTO attendance (user, meeting, duration, status, inoutTime) VALUES (8500, 30725, 67, 'PRESENT', ' 06:00:50 AM -  07:07:39 AM');
INSERT INTO attendance (user, meeting, duration, status, inoutTime) VALUES (8501, 30725, 31, 'PRESENT', ' 03:46:10 AM -  04:17:06 AM');
INSERT INTO attendance (user, meeting, duration, status, inoutTime) VALUES (8502, 30725, null, 'ABSENT', 'null');
INSERT INTO attendance (user, meeting, duration, status, inoutTime) VALUES (8503, 30725, null, 'ABSENT', 'null');
INSERT INTO attendance (user, meeting, duration, status, inoutTime) VALUES (8504, 30725, 16, 'PRESENT', ' 06:32:48 AM -  06:48:47 AM');
INSERT INTO attendance (user, meeting, duration, status, inoutTime) VALUES (8505, 30725, null, 'ABSENT', 'null');
INSERT INTO attendance (user, meeting, duration, status, inoutTime) VALUES (8506, 30725, 52, 'PRESENT', ' 06:15:04 AM -  07:06:41 AM');
INSERT INTO attendance (user, meeting, duration, status, inoutTime) VALUES (8507, 30725, null, 'ABSENT', 'null');
INSERT INTO attendance (user, meeting, duration, status, inoutTime) VALUES (8508, 30725, null, 'ABSENT', 'null');
INSERT INTO attendance (user, meeting, duration, status, inoutTime) VALUES (8509, 30725, 48, 'PRESENT', ' 06:09:53 AM -  06:57:07 AM');
INSERT INTO attendance (user, meeting, duration, status, inoutTime) VALUES (8510, 30725, null, 'ABSENT', 'null');
INSERT INTO attendance (user, meeting, duration, status, inoutTime) VALUES (8511, 30725, null, 'ABSENT', 'null');
INSERT INTO attendance (user, meeting, duration, status, inoutTime) VALUES (8512, 30725, null, 'ABSENT', 'null');
INSERT INTO attendance (user, meeting, duration, status, inoutTime) VALUES (8513, 30725, 27, 'PRESENT', ' 05:41:48 AM -  06:07:49 AM');
INSERT INTO attendance (user, meeting, duration, status, inoutTime) VALUES (8514, 30725, 54, 'PRESENT', ' 07:13:00 AM -  08:06:14 AM');
INSERT INTO attendance (user, meeting, duration, status, inoutTime) VALUES (8515, 30725, 116, 'PRESENT', ' 05:32:55 AM -  07:28:01 AM');
INSERT INTO attendance (user, meeting, duration, status, inoutTime) VALUES (8516, 30725, null, 'ABSENT', 'null');
INSERT INTO attendance (user, meeting, duration, status, inoutTime) VALUES (8517, 30725, null, 'ABSENT', 'null');
INSERT INTO attendance (user, meeting, duration, status, inoutTime) VALUES (8518, 30725, null, 'ABSENT', 'null');
INSERT INTO attendance (user, meeting, duration, status, inoutTime) VALUES (8519, 30725, null, 'ABSENT', 'null');
INSERT INTO attendance (user, meeting, duration, status, inoutTime) VALUES (8520, 30725, null, 'ABSENT', 'null');
INSERT INTO attendance (user, meeting, duration, status, inoutTime) VALUES (8521, 30725, 33, 'PRESENT', ' 05:53:32 AM -  06:25:33 AM');
INSERT INTO attendance (user, meeting, duration, status, inoutTime) VALUES (8522, 30725, 63, 'PRESENT', ' 05:54:09 AM -  06:56:53 AM');INSERT INTO users (id, name, email) VALUES ('8523','Abhishek Ananda IC pr', 'aanand5892@gmail.com');
INSERT INTO users (id, name, email) VALUES ('8524','Abhishek jha', 'abhishekjharoushan@gmail.com');
INSERT INTO users (id, name, email) VALUES ('8525','Abhishek Kr EE pr', 'abk8537@gmail.com');
INSERT INTO users (id, name, email) VALUES ('8526','Abhishek Pandey pr', 'abhishek80.a2s@gmail.com');
INSERT INTO users (id, name, email) VALUES ('8527','Abhishek pr Nawada', 'ak7268901@gmail.com');
INSERT INTO users (id, name, email) VALUES ('8528','Abhoy pr', 'abhoysaha1@gmail.com');
INSERT INTO users (id, name, email) VALUES ('8529','Ajay pr', 'call.ajay21@gmail.com');
INSERT INTO users (id, name, email) VALUES ('8530','Ajay pr(Mech)', 'ajay41707@gmail.com');
INSERT INTO users (id, name, email) VALUES ('8531','Ajeet pr', 'ajeetajeethemant@gmail.com');
INSERT INTO users (id, name, email) VALUES ('8532','Akash pr (Akarsak Srihari Pr)', 'akashkr930487@gmail.com');
INSERT INTO users (id, name, email) VALUES ('8533','Aman Jha', 'ajha9608@gmail.com');
INSERT INTO users (id, name, email) VALUES ('8534','Amit Raj pr', 'amitraj581@gmail.com');
INSERT INTO users (id, name, email) VALUES ('8535','Animesh pr', 'animeshmonty@gmail.com');
INSERT INTO users (id, name, email) VALUES ('8536','Ankush pr', 'kumarankush6200@gmail.com');
INSERT INTO users (id, name, email) VALUES ('8537','Anshu pr', 'anshuk1510@gmail.com');
INSERT INTO users (id, name, email) VALUES ('8538','Ashish pr', 'akg9023@gmail.com');
INSERT INTO users (id, name, email) VALUES ('8539','Atul pr', 'atulkumar15jan@gmail.com');
INSERT INTO users (id, name, email) VALUES ('8540','Atul Singh', 'atulsingh.asn@gmail.com');
INSERT INTO users (id, name, email) VALUES ('8541','Avinash pr', 'abinashshaw16@gmail.com');
INSERT INTO users (id, name, email) VALUES ('8542','Avishek Raj (Raja pr)', 'ars.raja23@gmail.com');
INSERT INTO users (id, name, email) VALUES ('8543','Balmukand pr', 'mishrabm96@gmail.com');
INSERT INTO users (id, name, email) VALUES ('8544','Bhanu pr', 'bhanupratapsingh1380@gmail.com');
INSERT INTO users (id, name, email) VALUES ('8545','Bhaskar Anand pr', 'bhskranand561@gmail.com');
INSERT INTO users (id, name, email) VALUES ('8546','BiswajIt pr', 'biswajitrowani@gmail.com');
INSERT INTO users (id, name, email) VALUES ('8547','Brahmanand pr', 'brahmanandamahato@gmail.com');
INSERT INTO users (id, name, email) VALUES ('8548','Chandan Pr', 'chandan.hitinstru@gmail.com');
INSERT INTO users (id, name, email) VALUES ('8549','Devashish pr', 'devashish0046@gmail.com');
INSERT INTO users (id, name, email) VALUES ('8550','Gaurav Jaiswal', 'jaiswalgaurav7183@gmail.com');
INSERT INTO users (id, name, email) VALUES ('8551','Gaurav pr', 'gauravsingh181997@gmail.com');
INSERT INTO users (id, name, email) VALUES ('8552','Gopal Chandra pr', 'gyan0prakash0@gmail.com');
INSERT INTO users (id, name, email) VALUES ('8553','Himanshu Choubey Pr', 'himanshuchoubey823@gmail.com');
INSERT INTO users (id, name, email) VALUES ('8554','Himanshu Srivastava', 'himanshusr2000@gmail.com');
INSERT INTO users (id, name, email) VALUES ('8555','Janardhan pr', 'jpclsr@gmail.com');
INSERT INTO users (id, name, email) VALUES ('8556','Kartik pr', 'KARTIK.KARTIK11@GMAIL.COM');
INSERT INTO users (id, name, email) VALUES ('8557','Kishlay', 'kishlay111999@gmail.com');
INSERT INTO users (id, name, email) VALUES ('8558','Mohit pr', 'mohit05121997@gmail.com');
INSERT INTO users (id, name, email) VALUES ('8559','Mukund Dayal Pr (Mithun Naskar)', 'naskarmithun@gmail.com');
INSERT INTO users (id, name, email) VALUES ('8560','Nandakishore pr', 'nandkishore.cse.hit@gmail.com');
INSERT INTO users (id, name, email) VALUES ('8561','Neelmani pr', 'mani4neel98@gmail.com');
INSERT INTO users (id, name, email) VALUES ('8562','Nikhil pr', 'nikhilsaphal2000@gmail.com');
INSERT INTO users (id, name, email) VALUES ('8563','Nikhilesh Roy pr', 'nkr159357258@gmail.com');
INSERT INTO users (id, name, email) VALUES ('8564','Nilmadhava Pr', 'neelabhanand99@gmail.com');
INSERT INTO users (id, name, email) VALUES ('8565','Niraj Sah pr', 'topniraj@gmail.com');
INSERT INTO users (id, name, email) VALUES ('8566','Nishant Shekhar Pr', 'mailnishantshekhar@gmail.com');
INSERT INTO users (id, name, email) VALUES ('8567','Pankaj Dubey pr', 'pkdubey1998@gmail.com');
INSERT INTO users (id, name, email) VALUES ('8568','Pawan pandey pr', 'kintupandey93@gmail.com');
INSERT INTO users (id, name, email) VALUES ('8569','Prabhakar pr', 'Prabhakar.jha25021996@gmail.com');
INSERT INTO users (id, name, email) VALUES ('8570','Pramit pr', 'pramit.hit@gmail.com');
INSERT INTO users (id, name, email) VALUES ('8571','Praween', 'praween868@gmail.com');
INSERT INTO users (id, name, email) VALUES ('8572','Purushottam pr', 'puru.anand20@gmail.com');
INSERT INTO users (id, name, email) VALUES ('8573','Rajbardhan', 'raghurajbardhan123@gmail.com');
INSERT INTO users (id, name, email) VALUES ('8574','Rajiv soni', 'radharajivsoni@gmail.com');
INSERT INTO users (id, name, email) VALUES ('8575','Rakesh pr', 'rk51633@gmail.com');
INSERT INTO users (id, name, email) VALUES ('8576','Ranjit pr', 'krisranjit100@gmail.com');
INSERT INTO users (id, name, email) VALUES ('8577','Ravishankar kr pr', 'ravishankar.purnia@gmail.com');
INSERT INTO users (id, name, email) VALUES ('8578','Ravishankar prasad pr', 'ravish.prasad4300@gmail.com');
INSERT INTO users (id, name, email) VALUES ('8579','Rohit', 'rohit10081998@gmail.com');
INSERT INTO users (id, name, email) VALUES ('8580','Rupesh pr', 'kmrrupesh5@gmail.com');
INSERT INTO users (id, name, email) VALUES ('8581','Sagar pr', 'sagar.sgr09@gmail.com');
INSERT INTO users (id, name, email) VALUES ('8582','Satyabrat Mishra pr (Shibu)', 'sibumishra546@gmail.com');
INSERT INTO users (id, name, email) VALUES ('8583','Satyam Mishra pr', 'satyamkumar9245@gmail.com');
INSERT INTO users (id, name, email) VALUES ('8584','Satyam pr', 'satyamsingh.ss27@gmail.com');
INSERT INTO users (id, name, email) VALUES ('8585','Saurabh kr pr(Chem)', 'saurabhkumarojha123@gmail.com');
INSERT INTO users (id, name, email) VALUES ('8586','Saurav pr', 'saurav109677@gmail.com');
INSERT INTO users (id, name, email) VALUES ('8587','Sekhar suman pr', 'shkrsuman77@gmail.com');
INSERT INTO users (id, name, email) VALUES ('8588','Shailendra Singh pr', 'singh.shailendra949597@gmail.com');
INSERT INTO users (id, name, email) VALUES ('8589','Shailesh pr', 'shaileshchunnu008@gmail.com');
INSERT INTO users (id, name, email) VALUES ('8590','Shashank pr', 'shankykr1999@gmail.com');
INSERT INTO users (id, name, email) VALUES ('8591','Shubham Choudhary pr', 'sk969309@gmail.com');
INSERT INTO users (id, name, email) VALUES ('8592','Shyam pr', 'samlyt1915149@gmail.com');
INSERT INTO users (id, name, email) VALUES ('8593','Sivatma Gopinath Pr', 'shiv.ti@gmail.com');
INSERT INTO users (id, name, email) VALUES ('8594','Sonu pr', 'skdas931891@gmail.com');
INSERT INTO users (id, name, email) VALUES ('8595','Srikant pr', 'shreekantsingh511998@gmail.com');
INSERT INTO users (id, name, email) VALUES ('8596','Subha Krsna pr', 'shubhamkumarhit19@gmail.com');
INSERT INTO users (id, name, email) VALUES ('8597','Subham Chandra pr', 'subhamchandra597@gmail.com');
INSERT INTO users (id, name, email) VALUES ('8598','Subham Gupta', 'guptasubham175@gmail.com');
INSERT INTO users (id, name, email) VALUES ('8599','Sukumar pr', 'sukumar712702@gmail.com');
INSERT INTO users (id, name, email) VALUES ('8600','Suman vatsa', 'sumanvasta0@gmail.com');
INSERT INTO users (id, name, email) VALUES ('8601','Suraj pr Gaya', 'suraj.don10april@gmail.com');
INSERT INTO users (id, name, email) VALUES ('8602','Trideep pr', 'bunty.biswas547@gmail.com');
INSERT INTO users (id, name, email) VALUES ('8603','Varun pr', 'varun.idea21@gmail.com');
INSERT INTO users (id, name, email) VALUES ('8604','Veda Prakash pr', 'ved.divg@gmail.com');
INSERT INTO users (id, name, email) VALUES ('8605','Vikash pr', 'vikashkumar982141@gmail.com');
INSERT INTO users (id, name, email) VALUES ('8606','Vinay kr singh pr', 'vinay7121989@gmail.com');
INSERT INTO users (id, name, email) VALUES ('8607','Vinit pr', 'vinitkj15@gmail.com');
INSERT INTO users (id, name, email) VALUES ('8608','Vishal Singh Pr', 'vishal9sept@gmail.com');
INSERT INTO users (id, name, email) VALUES ('8609','Vivek pr Gaya', 'rsvjvivek@gmail.com');INSERT INTO meetings (id, date, meeting_name) VALUES ('30726','2023-07-26', 'Japa');INSERT INTO attendance (user, meeting, duration, status, inoutTime) VALUES (8523, 30726, null, 'ABSENT', 'null');
INSERT INTO attendance (user, meeting, duration, status, inoutTime) VALUES (8524, 30726, null, 'ABSENT', 'null');
INSERT INTO attendance (user, meeting, duration, status, inoutTime) VALUES (8525, 30726, 68, 'PRESENT', ' 06:47:50 AM -  07:55:01 AM');
INSERT INTO attendance (user, meeting, duration, status, inoutTime) VALUES (8526, 30726, null, 'ABSENT', 'null');
INSERT INTO attendance (user, meeting, duration, status, inoutTime) VALUES (8527, 30726, null, 'ABSENT', 'null');
INSERT INTO attendance (user, meeting, duration, status, inoutTime) VALUES (8528, 30726, 254, 'PRESENT', ' 03:32:41 AM -  07:46:11 AM');
INSERT INTO attendance (user, meeting, duration, status, inoutTime) VALUES (8529, 30726, null, 'ABSENT', 'null');
INSERT INTO attendance (user, meeting, duration, status, inoutTime) VALUES (8530, 30726, 66, 'PRESENT', ' 07:25:52 AM -  08:31:51 AM');
INSERT INTO attendance (user, meeting, duration, status, inoutTime) VALUES (8531, 30726, null, 'ABSENT', 'null');
INSERT INTO attendance (user, meeting, duration, status, inoutTime) VALUES (8532, 30726, null, 'ABSENT', 'null');
INSERT INTO attendance (user, meeting, duration, status, inoutTime) VALUES (8533, 30726, 55, 'PRESENT', ' 05:58:26 AM -  06:52:43 AM');
INSERT INTO attendance (user, meeting, duration, status, inoutTime) VALUES (8534, 30726, null, 'ABSENT', 'null');
INSERT INTO attendance (user, meeting, duration, status, inoutTime) VALUES (8535, 30726, null, 'ABSENT', 'null');
INSERT INTO attendance (user, meeting, duration, status, inoutTime) VALUES (8536, 30726, 89, 'PRESENT', ' 06:16:10 AM -  07:44:24 AM');
INSERT INTO attendance (user, meeting, duration, status, inoutTime) VALUES (8537, 30726, null, 'ABSENT', 'null');
INSERT INTO attendance (user, meeting, duration, status, inoutTime) VALUES (8538, 30726, null, 'ABSENT', 'null');
INSERT INTO attendance (user, meeting, duration, status, inoutTime) VALUES (8539, 30726, 173, 'PRESENT', ' 04:26:48 AM -  07:18:53 AM');
INSERT INTO attendance (user, meeting, duration, status, inoutTime) VALUES (8540, 30726, null, 'ABSENT', 'null');
INSERT INTO attendance (user, meeting, duration, status, inoutTime) VALUES (8541, 30726, null, 'ABSENT', 'null');
INSERT INTO attendance (user, meeting, duration, status, inoutTime) VALUES (8542, 30726, 92, 'PRESENT', ' 05:50:37 AM -  07:20:53 AM');
INSERT INTO attendance (user, meeting, duration, status, inoutTime) VALUES (8543, 30726, 50, 'PRESENT', ' 05:58:11 AM -  06:47:19 AM');
INSERT INTO attendance (user, meeting, duration, status, inoutTime) VALUES (8544, 30726, 87, 'PRESENT', ' 06:13:03 AM -  07:39:55 AM');
INSERT INTO attendance (user, meeting, duration, status, inoutTime) VALUES (8545, 30726, 31, 'PRESENT', ' 06:13:44 AM -  06:44:24 AM');
INSERT INTO attendance (user, meeting, duration, status, inoutTime) VALUES (8546, 30726, 36, 'PRESENT', ' 05:50:47 AM -  06:25:57 AM');
INSERT INTO attendance (user, meeting, duration, status, inoutTime) VALUES (8547, 30726, null, 'ABSENT', 'null');
INSERT INTO attendance (user, meeting, duration, status, inoutTime) VALUES (8548, 30726, null, 'ABSENT', 'null');
INSERT INTO attendance (user, meeting, duration, status, inoutTime) VALUES (8549, 30726, null, 'ABSENT', 'null');
INSERT INTO attendance (user, meeting, duration, status, inoutTime) VALUES (8550, 30726, null, 'ABSENT', 'null');
INSERT INTO attendance (user, meeting, duration, status, inoutTime) VALUES (8551, 30726, null, 'ABSENT', 'null');
INSERT INTO attendance (user, meeting, duration, status, inoutTime) VALUES (8552, 30726, 133, 'PRESENT', ' 04:55:24 AM -  07:08:11 AM');
INSERT INTO attendance (user, meeting, duration, status, inoutTime) VALUES (8553, 30726, null, 'ABSENT', 'null');
INSERT INTO attendance (user, meeting, duration, status, inoutTime) VALUES (8554, 30726, null, 'ABSENT', 'null');
INSERT INTO attendance (user, meeting, duration, status, inoutTime) VALUES (8555, 30726, 51, 'PRESENT', ' 07:09:04 AM -  07:59:12 AM');
INSERT INTO attendance (user, meeting, duration, status, inoutTime) VALUES (8556, 30726, null, 'ABSENT', 'null');
INSERT INTO attendance (user, meeting, duration, status, inoutTime) VALUES (8557, 30726, null, 'ABSENT', 'null');
INSERT INTO attendance (user, meeting, duration, status, inoutTime) VALUES (8558, 30726, null, 'ABSENT', 'null');
INSERT INTO attendance (user, meeting, duration, status, inoutTime) VALUES (8559, 30726, 16, 'PRESENT', ' 06:33:38 AM -  06:49:25 AM');
INSERT INTO attendance (user, meeting, duration, status, inoutTime) VALUES (8560, 30726, null, 'ABSENT', 'null');
INSERT INTO attendance (user, meeting, duration, status, inoutTime) VALUES (8561, 30726, null, 'ABSENT', 'null');
INSERT INTO attendance (user, meeting, duration, status, inoutTime) VALUES (8562, 30726, null, 'ABSENT', 'null');
INSERT INTO attendance (user, meeting, duration, status, inoutTime) VALUES (8563, 30726, 63, 'PRESENT', ' 06:54:08 AM -  07:56:14 AM');
INSERT INTO attendance (user, meeting, duration, status, inoutTime) VALUES (8564, 30726, 100, 'PRESENT', ' 05:31:27 AM -  07:10:59 AM');
INSERT INTO attendance (user, meeting, duration, status, inoutTime) VALUES (8565, 30726, 86, 'PRESENT', ' 06:02:09 AM -  07:28:01 AM');
INSERT INTO attendance (user, meeting, duration, status, inoutTime) VALUES (8566, 30726, null, 'ABSENT', 'null');
INSERT INTO attendance (user, meeting, duration, status, inoutTime) VALUES (8567, 30726, null, 'ABSENT', 'null');
INSERT INTO attendance (user, meeting, duration, status, inoutTime) VALUES (8568, 30726, null, 'ABSENT', 'null');
INSERT INTO attendance (user, meeting, duration, status, inoutTime) VALUES (8569, 30726, 78, 'PRESENT', ' 06:52:13 AM -  08:09:51 AM');
INSERT INTO attendance (user, meeting, duration, status, inoutTime) VALUES (8570, 30726, null, 'ABSENT', 'null');
INSERT INTO attendance (user, meeting, duration, status, inoutTime) VALUES (8571, 30726, null, 'ABSENT', 'null');
INSERT INTO attendance (user, meeting, duration, status, inoutTime) VALUES (8572, 30726, 97, 'PRESENT', ' 05:25:00 AM -  07:01:55 AM');
INSERT INTO attendance (user, meeting, duration, status, inoutTime) VALUES (8573, 30726, 17, 'PRESENT', ' 06:37:44 AM -  06:54:09 AM');
INSERT INTO attendance (user, meeting, duration, status, inoutTime) VALUES (8574, 30726, null, 'ABSENT', 'null');
INSERT INTO attendance (user, meeting, duration, status, inoutTime) VALUES (8575, 30726, 5, 'PRESENT', ' 05:54:03 AM -  05:58:41 AM');
INSERT INTO attendance (user, meeting, duration, status, inoutTime) VALUES (8576, 30726, 79, 'PRESENT', ' 06:03:17 AM -  07:22:10 AM');
INSERT INTO attendance (user, meeting, duration, status, inoutTime) VALUES (8577, 30726, null, 'ABSENT', 'null');
INSERT INTO attendance (user, meeting, duration, status, inoutTime) VALUES (8578, 30726, 24, 'PRESENT', ' 07:06:57 AM -  07:30:40 AM');
INSERT INTO attendance (user, meeting, duration, status, inoutTime) VALUES (8579, 30726, null, 'ABSENT', 'null');
INSERT INTO attendance (user, meeting, duration, status, inoutTime) VALUES (8580, 30726, null, 'ABSENT', 'null');
INSERT INTO attendance (user, meeting, duration, status, inoutTime) VALUES (8581, 30726, 12, 'PRESENT', ' 06:50:16 AM -  07:01:59 AM');
INSERT INTO attendance (user, meeting, duration, status, inoutTime) VALUES (8582, 30726, null, 'ABSENT', 'null');
INSERT INTO attendance (user, meeting, duration, status, inoutTime) VALUES (8583, 30726, null, 'ABSENT', 'null');
INSERT INTO attendance (user, meeting, duration, status, inoutTime) VALUES (8584, 30726, null, 'ABSENT', 'null');
INSERT INTO attendance (user, meeting, duration, status, inoutTime) VALUES (8585, 30726, null, 'ABSENT', 'null');
INSERT INTO attendance (user, meeting, duration, status, inoutTime) VALUES (8586, 30726, 38, 'PRESENT', ' 06:37:46 AM -  07:14:58 AM');
INSERT INTO attendance (user, meeting, duration, status, inoutTime) VALUES (8587, 30726, null, 'ABSENT', 'null');
INSERT INTO attendance (user, meeting, duration, status, inoutTime) VALUES (8588, 30726, 50, 'PRESENT', ' 05:25:26 AM -  06:14:36 AM');
INSERT INTO attendance (user, meeting, duration, status, inoutTime) VALUES (8589, 30726, null, 'ABSENT', 'null');
INSERT INTO attendance (user, meeting, duration, status, inoutTime) VALUES (8590, 30726, null, 'ABSENT', 'null');
INSERT INTO attendance (user, meeting, duration, status, inoutTime) VALUES (8591, 30726, null, 'ABSENT', 'null');
INSERT INTO attendance (user, meeting, duration, status, inoutTime) VALUES (8592, 30726, 20, 'PRESENT', ' 05:53:42 AM -  06:13:13 AM');
INSERT INTO attendance (user, meeting, duration, status, inoutTime) VALUES (8593, 30726, null, 'ABSENT', 'null');
INSERT INTO attendance (user, meeting, duration, status, inoutTime) VALUES (8594, 30726, null, 'ABSENT', 'null');
INSERT INTO attendance (user, meeting, duration, status, inoutTime) VALUES (8595, 30726, 5, 'PRESENT', ' 05:48:25 AM -  05:52:26 AM');
INSERT INTO attendance (user, meeting, duration, status, inoutTime) VALUES (8596, 30726, 20, 'PRESENT', ' 06:10:45 AM -  06:30:18 AM');
INSERT INTO attendance (user, meeting, duration, status, inoutTime) VALUES (8597, 30726, null, 'ABSENT', 'null');
INSERT INTO attendance (user, meeting, duration, status, inoutTime) VALUES (8598, 30726, null, 'ABSENT', 'null');
INSERT INTO attendance (user, meeting, duration, status, inoutTime) VALUES (8599, 30726, null, 'ABSENT', 'null');
INSERT INTO attendance (user, meeting, duration, status, inoutTime) VALUES (8600, 30726, 7, 'PRESENT', ' 07:04:03 AM -  07:10:33 AM');
INSERT INTO attendance (user, meeting, duration, status, inoutTime) VALUES (8601, 30726, null, 'ABSENT', 'null');
INSERT INTO attendance (user, meeting, duration, status, inoutTime) VALUES (8602, 30726, 70, 'PRESENT', ' 06:10:35 AM -  07:55:21 AM');
INSERT INTO attendance (user, meeting, duration, status, inoutTime) VALUES (8603, 30726, null, 'ABSENT', 'null');
INSERT INTO attendance (user, meeting, duration, status, inoutTime) VALUES (8604, 30726, null, 'ABSENT', 'null');
INSERT INTO attendance (user, meeting, duration, status, inoutTime) VALUES (8605, 30726, null, 'ABSENT', 'null');
INSERT INTO attendance (user, meeting, duration, status, inoutTime) VALUES (8606, 30726, null, 'ABSENT', 'null');
INSERT INTO attendance (user, meeting, duration, status, inoutTime) VALUES (8607, 30726, null, 'ABSENT', 'null');
INSERT INTO attendance (user, meeting, duration, status, inoutTime) VALUES (8608, 30726, 59, 'PRESENT', ' 05:52:42 AM -  06:50:53 AM');
INSERT INTO attendance (user, meeting, duration, status, inoutTime) VALUES (8609, 30726, 32, 'PRESENT', ' 05:36:11 AM -  06:07:21 AM');INSERT INTO users (id, name, email) VALUES ('8610','Abhishek Ananda IC pr', 'aanand5892@gmail.com');
INSERT INTO users (id, name, email) VALUES ('8611','Abhishek jha', 'abhishekjharoushan@gmail.com');
INSERT INTO users (id, name, email) VALUES ('8612','Abhishek Kr EE pr', 'abk8537@gmail.com');
INSERT INTO users (id, name, email) VALUES ('8613','Abhishek Pandey pr', 'abhishek80.a2s@gmail.com');
INSERT INTO users (id, name, email) VALUES ('8614','Abhishek pr Nawada', 'ak7268901@gmail.com');
INSERT INTO users (id, name, email) VALUES ('8615','Abhoy pr', 'abhoysaha1@gmail.com');
INSERT INTO users (id, name, email) VALUES ('8616','Ajay pr', 'call.ajay21@gmail.com');
INSERT INTO users (id, name, email) VALUES ('8617','Ajay pr(Mech)', 'ajay41707@gmail.com');
INSERT INTO users (id, name, email) VALUES ('8618','Ajeet pr', 'ajeetajeethemant@gmail.com');
INSERT INTO users (id, name, email) VALUES ('8619','Akash pr (Akarsak Srihari Pr)', 'akashkr930487@gmail.com');
INSERT INTO users (id, name, email) VALUES ('8620','Aman Jha', 'ajha9608@gmail.com');
INSERT INTO users (id, name, email) VALUES ('8621','Amit Raj pr', 'amitraj581@gmail.com');
INSERT INTO users (id, name, email) VALUES ('8622','Animesh pr', 'animeshmonty@gmail.com');
INSERT INTO users (id, name, email) VALUES ('8623','Ankush pr', 'kumarankush6200@gmail.com');
INSERT INTO users (id, name, email) VALUES ('8624','Anshu pr', 'anshuk1510@gmail.com');
INSERT INTO users (id, name, email) VALUES ('8625','Ashish pr', 'akg9023@gmail.com');
INSERT INTO users (id, name, email) VALUES ('8626','Atul pr', 'atulkumar15jan@gmail.com');
INSERT INTO users (id, name, email) VALUES ('8627','Atul Singh', 'atulsingh.asn@gmail.com');
INSERT INTO users (id, name, email) VALUES ('8628','Avinash pr', 'abinashshaw16@gmail.com');
INSERT INTO users (id, name, email) VALUES ('8629','Avishek Raj (Raja pr)', 'ars.raja23@gmail.com');
INSERT INTO users (id, name, email) VALUES ('8630','Balmukand pr', 'mishrabm96@gmail.com');
INSERT INTO users (id, name, email) VALUES ('8631','Bhanu pr', 'bhanupratapsingh1380@gmail.com');
INSERT INTO users (id, name, email) VALUES ('8632','Bhaskar Anand pr', 'bhskranand561@gmail.com');
INSERT INTO users (id, name, email) VALUES ('8633','BiswajIt pr', 'biswajitrowani@gmail.com');
INSERT INTO users (id, name, email) VALUES ('8634','Brahmanand pr', 'brahmanandamahato@gmail.com');
INSERT INTO users (id, name, email) VALUES ('8635','Chandan Pr', 'chandan.hitinstru@gmail.com');
INSERT INTO users (id, name, email) VALUES ('8636','Devashish pr', 'devashish0046@gmail.com');
INSERT INTO users (id, name, email) VALUES ('8637','Gaurav Jaiswal', 'jaiswalgaurav7183@gmail.com');
INSERT INTO users (id, name, email) VALUES ('8638','Gaurav pr', 'gauravsingh181997@gmail.com');
INSERT INTO users (id, name, email) VALUES ('8639','Gopal Chandra pr', 'gyan0prakash0@gmail.com');
INSERT INTO users (id, name, email) VALUES ('8640','Himanshu Choubey Pr', 'himanshuchoubey823@gmail.com');
INSERT INTO users (id, name, email) VALUES ('8641','Himanshu Srivastava', 'himanshusr2000@gmail.com');
INSERT INTO users (id, name, email) VALUES ('8642','Janardhan pr', 'jpclsr@gmail.com');
INSERT INTO users (id, name, email) VALUES ('8643','Kartik pr', 'KARTIK.KARTIK11@GMAIL.COM');
INSERT INTO users (id, name, email) VALUES ('8644','Kishlay', 'kishlay111999@gmail.com');
INSERT INTO users (id, name, email) VALUES ('8645','Mohit pr', 'mohit05121997@gmail.com');
INSERT INTO users (id, name, email) VALUES ('8646','Mukund Dayal Pr (Mithun Naskar)', 'naskarmithun@gmail.com');
INSERT INTO users (id, name, email) VALUES ('8647','Nandakishore pr', 'nandkishore.cse.hit@gmail.com');
INSERT INTO users (id, name, email) VALUES ('8648','Neelmani pr', 'mani4neel98@gmail.com');
INSERT INTO users (id, name, email) VALUES ('8649','Nikhil pr', 'nikhilsaphal2000@gmail.com');
INSERT INTO users (id, name, email) VALUES ('8650','Nikhilesh Roy pr', 'nkr159357258@gmail.com');
INSERT INTO users (id, name, email) VALUES ('8651','Nilmadhava Pr', 'neelabhanand99@gmail.com');
INSERT INTO users (id, name, email) VALUES ('8652','Niraj Sah pr', 'topniraj@gmail.com');
INSERT INTO users (id, name, email) VALUES ('8653','Nishant Shekhar Pr', 'mailnishantshekhar@gmail.com');
INSERT INTO users (id, name, email) VALUES ('8654','Pankaj Dubey pr', 'pkdubey1998@gmail.com');
INSERT INTO users (id, name, email) VALUES ('8655','Pawan pandey pr', 'kintupandey93@gmail.com');
INSERT INTO users (id, name, email) VALUES ('8656','Prabhakar pr', 'Prabhakar.jha25021996@gmail.com');
INSERT INTO users (id, name, email) VALUES ('8657','Pramit pr', 'pramit.hit@gmail.com');
INSERT INTO users (id, name, email) VALUES ('8658','Praween', 'praween868@gmail.com');
INSERT INTO users (id, name, email) VALUES ('8659','Purushottam pr', 'puru.anand20@gmail.com');
INSERT INTO users (id, name, email) VALUES ('8660','Rajbardhan', 'raghurajbardhan123@gmail.com');
INSERT INTO users (id, name, email) VALUES ('8661','Rajiv soni', 'radharajivsoni@gmail.com');
INSERT INTO users (id, name, email) VALUES ('8662','Rakesh pr', 'rk51633@gmail.com');
INSERT INTO users (id, name, email) VALUES ('8663','Ranjit pr', 'krisranjit100@gmail.com');
INSERT INTO users (id, name, email) VALUES ('8664','Ravishankar kr pr', 'ravishankar.purnia@gmail.com');
INSERT INTO users (id, name, email) VALUES ('8665','Ravishankar prasad pr', 'ravish.prasad4300@gmail.com');
INSERT INTO users (id, name, email) VALUES ('8666','Rohit', 'rohit10081998@gmail.com');
INSERT INTO users (id, name, email) VALUES ('8667','Rupesh pr', 'kmrrupesh5@gmail.com');
INSERT INTO users (id, name, email) VALUES ('8668','Sagar pr', 'sagar.sgr09@gmail.com');
INSERT INTO users (id, name, email) VALUES ('8669','Satyabrat Mishra pr (Shibu)', 'sibumishra546@gmail.com');
INSERT INTO users (id, name, email) VALUES ('8670','Satyam Mishra pr', 'satyamkumar9245@gmail.com');
INSERT INTO users (id, name, email) VALUES ('8671','Satyam pr', 'satyamsingh.ss27@gmail.com');
INSERT INTO users (id, name, email) VALUES ('8672','Saurabh kr pr(Chem)', 'saurabhkumarojha123@gmail.com');
INSERT INTO users (id, name, email) VALUES ('8673','Saurav pr', 'saurav109677@gmail.com');
INSERT INTO users (id, name, email) VALUES ('8674','Sekhar suman pr', 'shkrsuman77@gmail.com');
INSERT INTO users (id, name, email) VALUES ('8675','Shailendra Singh pr', 'singh.shailendra949597@gmail.com');
INSERT INTO users (id, name, email) VALUES ('8676','Shailesh pr', 'shaileshchunnu008@gmail.com');
INSERT INTO users (id, name, email) VALUES ('8677','Shashank pr', 'shankykr1999@gmail.com');
INSERT INTO users (id, name, email) VALUES ('8678','Shubham Choudhary pr', 'sk969309@gmail.com');
INSERT INTO users (id, name, email) VALUES ('8679','Shyam pr', 'samlyt1915149@gmail.com');
INSERT INTO users (id, name, email) VALUES ('8680','Sivatma Gopinath Pr', 'shiv.ti@gmail.com');
INSERT INTO users (id, name, email) VALUES ('8681','Sonu pr', 'skdas931891@gmail.com');
INSERT INTO users (id, name, email) VALUES ('8682','Srikant pr', 'shreekantsingh511998@gmail.com');
INSERT INTO users (id, name, email) VALUES ('8683','Subha Krsna pr', 'shubhamkumarhit19@gmail.com');
INSERT INTO users (id, name, email) VALUES ('8684','Subham Chandra pr', 'subhamchandra597@gmail.com');
INSERT INTO users (id, name, email) VALUES ('8685','Subham Gupta', 'guptasubham175@gmail.com');
INSERT INTO users (id, name, email) VALUES ('8686','Sukumar pr', 'sukumar712702@gmail.com');
INSERT INTO users (id, name, email) VALUES ('8687','Suman vatsa', 'sumanvasta0@gmail.com');
INSERT INTO users (id, name, email) VALUES ('8688','Suraj pr Gaya', 'suraj.don10april@gmail.com');
INSERT INTO users (id, name, email) VALUES ('8689','Trideep pr', 'bunty.biswas547@gmail.com');
INSERT INTO users (id, name, email) VALUES ('8690','Varun pr', 'varun.idea21@gmail.com');
INSERT INTO users (id, name, email) VALUES ('8691','Veda Prakash pr', 'ved.divg@gmail.com');
INSERT INTO users (id, name, email) VALUES ('8692','Vikash pr', 'vikashkumar982141@gmail.com');
INSERT INTO users (id, name, email) VALUES ('8693','Vinay kr singh pr', 'vinay7121989@gmail.com');
INSERT INTO users (id, name, email) VALUES ('8694','Vinit pr', 'vinitkj15@gmail.com');
INSERT INTO users (id, name, email) VALUES ('8695','Vishal Singh Pr', 'vishal9sept@gmail.com');
INSERT INTO users (id, name, email) VALUES ('8696','Vivek pr Gaya', 'rsvjvivek@gmail.com');INSERT INTO meetings (id, date, meeting_name) VALUES ('30727','2023-07-27', 'Japa');INSERT INTO attendance (user, meeting, duration, status, inoutTime) VALUES (8610, 30727, null, 'ABSENT', 'null');
INSERT INTO attendance (user, meeting, duration, status, inoutTime) VALUES (8611, 30727, null, 'ABSENT', 'null');
INSERT INTO attendance (user, meeting, duration, status, inoutTime) VALUES (8612, 30727, 3, 'PRESENT', ' 07:31:25 AM -  07:33:45 AM');
INSERT INTO attendance (user, meeting, duration, status, inoutTime) VALUES (8613, 30727, null, 'ABSENT', 'null');
INSERT INTO attendance (user, meeting, duration, status, inoutTime) VALUES (8614, 30727, null, 'ABSENT', 'null');
INSERT INTO attendance (user, meeting, duration, status, inoutTime) VALUES (8615, 30727, 122, 'PRESENT', ' 05:16:02 AM -  07:17:56 AM');
INSERT INTO attendance (user, meeting, duration, status, inoutTime) VALUES (8616, 30727, null, 'ABSENT', 'null');
INSERT INTO attendance (user, meeting, duration, status, inoutTime) VALUES (8617, 30727, null, 'ABSENT', 'null');
INSERT INTO attendance (user, meeting, duration, status, inoutTime) VALUES (8618, 30727, null, 'ABSENT', 'null');
INSERT INTO attendance (user, meeting, duration, status, inoutTime) VALUES (8619, 30727, null, 'ABSENT', 'null');
INSERT INTO attendance (user, meeting, duration, status, inoutTime) VALUES (8620, 30727, 78, 'PRESENT', ' 05:54:17 AM -  07:11:53 AM');
INSERT INTO attendance (user, meeting, duration, status, inoutTime) VALUES (8621, 30727, null, 'ABSENT', 'null');
INSERT INTO attendance (user, meeting, duration, status, inoutTime) VALUES (8622, 30727, null, 'ABSENT', 'null');
INSERT INTO attendance (user, meeting, duration, status, inoutTime) VALUES (8623, 30727, 68, 'PRESENT', ' 06:26:10 AM -  07:33:46 AM');
INSERT INTO attendance (user, meeting, duration, status, inoutTime) VALUES (8624, 30727, 28, 'PRESENT', ' 04:41:35 AM -  05:09:06 AM');
INSERT INTO attendance (user, meeting, duration, status, inoutTime) VALUES (8625, 30727, null, 'ABSENT', 'null');
INSERT INTO attendance (user, meeting, duration, status, inoutTime) VALUES (8626, 30727, 117, 'PRESENT', ' 05:37:34 AM -  07:33:46 AM');
INSERT INTO attendance (user, meeting, duration, status, inoutTime) VALUES (8627, 30727, null, 'ABSENT', 'null');
INSERT INTO attendance (user, meeting, duration, status, inoutTime) VALUES (8628, 30727, 58, 'PRESENT', ' 05:40:38 AM -  06:38:32 AM');
INSERT INTO attendance (user, meeting, duration, status, inoutTime) VALUES (8629, 30727, 91, 'PRESENT', ' 05:51:47 AM -  07:22:00 AM');
INSERT INTO attendance (user, meeting, duration, status, inoutTime) VALUES (8630, 30727, null, 'ABSENT', 'null');
INSERT INTO attendance (user, meeting, duration, status, inoutTime) VALUES (8631, 30727, 81, 'PRESENT', ' 06:13:39 AM -  07:33:46 AM');
INSERT INTO attendance (user, meeting, duration, status, inoutTime) VALUES (8632, 30727, 50, 'PRESENT', ' 06:11:35 AM -  07:00:40 AM');
INSERT INTO attendance (user, meeting, duration, status, inoutTime) VALUES (8633, 30727, 52, 'PRESENT', ' 05:49:51 AM -  06:41:35 AM');
INSERT INTO attendance (user, meeting, duration, status, inoutTime) VALUES (8634, 30727, null, 'ABSENT', 'null');
INSERT INTO attendance (user, meeting, duration, status, inoutTime) VALUES (8635, 30727, null, 'ABSENT', 'null');
INSERT INTO attendance (user, meeting, duration, status, inoutTime) VALUES (8636, 30727, null, 'ABSENT', 'null');
INSERT INTO attendance (user, meeting, duration, status, inoutTime) VALUES (8637, 30727, null, 'ABSENT', 'null');
INSERT INTO attendance (user, meeting, duration, status, inoutTime) VALUES (8638, 30727, null, 'ABSENT', 'null');
INSERT INTO attendance (user, meeting, duration, status, inoutTime) VALUES (8639, 30727, 119, 'PRESENT', ' 05:25:11 AM -  06:55:30 AM');
INSERT INTO attendance (user, meeting, duration, status, inoutTime) VALUES (8640, 30727, null, 'ABSENT', 'null');
INSERT INTO attendance (user, meeting, duration, status, inoutTime) VALUES (8641, 30727, null, 'ABSENT', 'null');
INSERT INTO attendance (user, meeting, duration, status, inoutTime) VALUES (8642, 30727, 45, 'PRESENT', ' 06:49:34 AM -  07:33:45 AM');
INSERT INTO attendance (user, meeting, duration, status, inoutTime) VALUES (8643, 30727, null, 'ABSENT', 'null');
INSERT INTO attendance (user, meeting, duration, status, inoutTime) VALUES (8644, 30727, null, 'ABSENT', 'null');
INSERT INTO attendance (user, meeting, duration, status, inoutTime) VALUES (8645, 30727, null, 'ABSENT', 'null');
INSERT INTO attendance (user, meeting, duration, status, inoutTime) VALUES (8646, 30727, 27, 'PRESENT', ' 06:22:14 AM -  06:49:14 AM');
INSERT INTO attendance (user, meeting, duration, status, inoutTime) VALUES (8647, 30727, null, 'ABSENT', 'null');
INSERT INTO attendance (user, meeting, duration, status, inoutTime) VALUES (8648, 30727, null, 'ABSENT', 'null');
INSERT INTO attendance (user, meeting, duration, status, inoutTime) VALUES (8649, 30727, null, 'ABSENT', 'null');
INSERT INTO attendance (user, meeting, duration, status, inoutTime) VALUES (8650, 30727, 57, 'PRESENT', ' 06:37:31 AM -  07:33:45 AM');
INSERT INTO attendance (user, meeting, duration, status, inoutTime) VALUES (8651, 30727, 161, 'PRESENT', ' 03:39:08 AM -  06:19:40 AM');
INSERT INTO attendance (user, meeting, duration, status, inoutTime) VALUES (8652, 30727, 28, 'PRESENT', ' 06:36:15 AM -  07:03:19 AM');
INSERT INTO attendance (user, meeting, duration, status, inoutTime) VALUES (8653, 30727, null, 'ABSENT', 'null');
INSERT INTO attendance (user, meeting, duration, status, inoutTime) VALUES (8654, 30727, null, 'ABSENT', 'null');
INSERT INTO attendance (user, meeting, duration, status, inoutTime) VALUES (8655, 30727, 26, 'PRESENT', ' 07:08:34 AM -  07:33:45 AM');
INSERT INTO attendance (user, meeting, duration, status, inoutTime) VALUES (8656, 30727, null, 'ABSENT', 'null');
INSERT INTO attendance (user, meeting, duration, status, inoutTime) VALUES (8657, 30727, null, 'ABSENT', 'null');
INSERT INTO attendance (user, meeting, duration, status, inoutTime) VALUES (8658, 30727, null, 'ABSENT', 'null');
INSERT INTO attendance (user, meeting, duration, status, inoutTime) VALUES (8659, 30727, 82, 'PRESENT', ' 05:44:37 AM -  07:06:13 AM');
INSERT INTO attendance (user, meeting, duration, status, inoutTime) VALUES (8660, 30727, 37, 'PRESENT', ' 06:57:23 AM -  07:33:46 AM');
INSERT INTO attendance (user, meeting, duration, status, inoutTime) VALUES (8661, 30727, null, 'ABSENT', 'null');
INSERT INTO attendance (user, meeting, duration, status, inoutTime) VALUES (8662, 30727, null, 'ABSENT', 'null');
INSERT INTO attendance (user, meeting, duration, status, inoutTime) VALUES (8663, 30727, null, 'ABSENT', 'null');
INSERT INTO attendance (user, meeting, duration, status, inoutTime) VALUES (8664, 30727, 25, 'PRESENT', ' 04:14:12 AM -  04:38:45 AM');
INSERT INTO attendance (user, meeting, duration, status, inoutTime) VALUES (8665, 30727, 30, 'PRESENT', ' 07:02:57 AM -  07:32:16 AM');
INSERT INTO attendance (user, meeting, duration, status, inoutTime) VALUES (8666, 30727, null, 'ABSENT', 'null');
INSERT INTO attendance (user, meeting, duration, status, inoutTime) VALUES (8667, 30727, 68, 'PRESENT', ' 05:29:59 AM -  06:37:56 AM');
INSERT INTO attendance (user, meeting, duration, status, inoutTime) VALUES (8668, 30727, null, 'ABSENT', 'null');
INSERT INTO attendance (user, meeting, duration, status, inoutTime) VALUES (8669, 30727, 52, 'PRESENT', ' 06:42:16 AM -  07:13:37 AM');
INSERT INTO attendance (user, meeting, duration, status, inoutTime) VALUES (8670, 30727, null, 'ABSENT', 'null');
INSERT INTO attendance (user, meeting, duration, status, inoutTime) VALUES (8671, 30727, null, 'ABSENT', 'null');
INSERT INTO attendance (user, meeting, duration, status, inoutTime) VALUES (8672, 30727, 28, 'PRESENT', ' 06:39:16 AM -  07:06:52 AM');
INSERT INTO attendance (user, meeting, duration, status, inoutTime) VALUES (8673, 30727, 13, 'PRESENT', ' 05:48:37 AM -  06:01:12 AM');
INSERT INTO attendance (user, meeting, duration, status, inoutTime) VALUES (8674, 30727, null, 'ABSENT', 'null');
INSERT INTO attendance (user, meeting, duration, status, inoutTime) VALUES (8675, 30727, 47, 'PRESENT', ' 05:19:14 AM -  06:06:07 AM');
INSERT INTO attendance (user, meeting, duration, status, inoutTime) VALUES (8676, 30727, null, 'ABSENT', 'null');
INSERT INTO attendance (user, meeting, duration, status, inoutTime) VALUES (8677, 30727, null, 'ABSENT', 'null');
INSERT INTO attendance (user, meeting, duration, status, inoutTime) VALUES (8678, 30727, null, 'ABSENT', 'null');
INSERT INTO attendance (user, meeting, duration, status, inoutTime) VALUES (8679, 30727, null, 'ABSENT', 'null');
INSERT INTO attendance (user, meeting, duration, status, inoutTime) VALUES (8680, 30727, 31, 'PRESENT', ' 06:13:21 AM -  06:44:38 AM');
INSERT INTO attendance (user, meeting, duration, status, inoutTime) VALUES (8681, 30727, null, 'ABSENT', 'null');
INSERT INTO attendance (user, meeting, duration, status, inoutTime) VALUES (8682, 30727, 2, 'PRESENT', ' 06:10:48 AM -  06:12:35 AM');
INSERT INTO attendance (user, meeting, duration, status, inoutTime) VALUES (8683, 30727, 48, 'PRESENT', ' 05:55:29 AM -  06:42:53 AM');
INSERT INTO attendance (user, meeting, duration, status, inoutTime) VALUES (8684, 30727, null, 'ABSENT', 'null');
INSERT INTO attendance (user, meeting, duration, status, inoutTime) VALUES (8685, 30727, null, 'ABSENT', 'null');
INSERT INTO attendance (user, meeting, duration, status, inoutTime) VALUES (8686, 30727, null, 'ABSENT', 'null');
INSERT INTO attendance (user, meeting, duration, status, inoutTime) VALUES (8687, 30727, null, 'ABSENT', 'null');
INSERT INTO attendance (user, meeting, duration, status, inoutTime) VALUES (8688, 30727, null, 'ABSENT', 'null');
INSERT INTO attendance (user, meeting, duration, status, inoutTime) VALUES (8689, 30727, 68, 'PRESENT', ' 06:26:09 AM -  07:33:46 AM');
INSERT INTO attendance (user, meeting, duration, status, inoutTime) VALUES (8690, 30727, null, 'ABSENT', 'null');
INSERT INTO attendance (user, meeting, duration, status, inoutTime) VALUES (8691, 30727, null, 'ABSENT', 'null');
INSERT INTO attendance (user, meeting, duration, status, inoutTime) VALUES (8692, 30727, null, 'ABSENT', 'null');
INSERT INTO attendance (user, meeting, duration, status, inoutTime) VALUES (8693, 30727, null, 'ABSENT', 'null');
INSERT INTO attendance (user, meeting, duration, status, inoutTime) VALUES (8694, 30727, null, 'ABSENT', 'null');
INSERT INTO attendance (user, meeting, duration, status, inoutTime) VALUES (8695, 30727, 39, 'PRESENT', ' 05:52:18 AM -  06:31:05 AM');
INSERT INTO attendance (user, meeting, duration, status, inoutTime) VALUES (8696, 30727, null, 'ABSENT', 'null');